{"v":"4.8.0","meta":{"g":"LottieFiles AE ","a":"","k":"","d":"","tc":""},"fr":60,"ip":0,"op":110,"w":170,"h":170,"nm":"Bell","ddd":0,"assets":[],"layers":[{"ddd":0,"ind":1,"ty":4,"nm":"bell 2","sr":1,"ks":{"o":{"a":0,"k":100,"ix":11},"r":{"a":1,"k":[{"i":{"x":[0.667],"y":[1]},"o":{"x":[0.333],"y":[0]},"t":7.827,"s":[0]},{"i":{"x":[0.667],"y":[1]},"o":{"x":[0.333],"y":[0]},"t":22.311,"s":[7]},{"i":{"x":[0.667],"y":[1]},"o":{"x":[0.333],"y":[0]},"t":34.725,"s":[-7]},{"t":47.1371901939655,"s":[0]}],"ix":10},"p":{"a":0,"k":[84.5,32,0],"ix":2},"a":{"a":0,"k":[-0.5,-50,0],"ix":1},"s":{"a":0,"k":[100,100,100],"ix":6}},"ao":0,"shapes":[{"ind":0,"ty":"sh","ix":1,"ks":{"a":0,"k":{"i":[[8.937,0],[0,-8.848],[0,0],[0.173,-22.768],[0,0],[0,-5.487],[0,0],[-4.869,0],[0,0],[0,0],[0,0],[0,13.09],[0,0],[4.239,3.297],[0,0],[21.551,6.845],[0,0]],"o":[[-8.938,0],[0,0],[-21.55,6.845],[0,0],[-4.241,3.293],[0,0],[0,13.09],[0,0],[0,0],[0,0],[4.871,0],[0,0],[0.004,-5.483],[0,0],[-0.173,-22.768],[0,0],[0,-8.845]],"v":[[0.002,-57.269],[-16.208,-41.225],[-16.208,-40.837],[-53.105,8.84],[-56.238,35.629],[-62.992,49.423],[-62.992,50.475],[-45.184,63.565],[-27.299,63.565],[25.159,63.565],[45.175,63.565],[62.987,50.475],[62.987,49.423],[56.24,35.635],[53.104,8.84],[16.209,-40.837],[16.21,-41.225]],"c":true},"ix":2},"nm":"Path 1","mn":"ADBE Vector Shape - Group","hd":false},{"ty":"fl","c":{"a":0,"k":[1,0.858823529412,0.003921568627,1],"ix":4},"o":{"a":0,"k":100,"ix":5},"r":1,"bm":0,"nm":"Fill 1","mn":"ADBE Vector Graphic - Fill","hd":false}],"ip":0,"op":110,"st":-8.72413793103448,"bm":0},{"ddd":0,"ind":2,"ty":4,"nm":"b 3","sr":1,"ks":{"o":{"a":0,"k":100,"ix":11},"r":{"a":1,"k":[{"i":{"x":[0.667],"y":[1]},"o":{"x":[0.333],"y":[0]},"t":16.104,"s":[0]},{"i":{"x":[0.833],"y":[1]},"o":{"x":[0.167],"y":[0]},"t":28.518,"s":[15]},{"i":{"x":[0.833],"y":[1]},"o":{"x":[0.167],"y":[0]},"t":40.932,"s":[-17]},{"i":{"x":[0.833],"y":[1]},"o":{"x":[0.167],"y":[0]},"t":53.346,"s":[3]},{"i":{"x":[0.833],"y":[1]},"o":{"x":[0.167],"y":[0]},"t":63.689,"s":[-2]},{"i":{"x":[0.833],"y":[1]},"o":{"x":[0.167],"y":[0]},"t":74.035,"s":[1]},{"t":84.37890625,"s":[0]}],"ix":10},"p":{"a":0,"k":[85.02,31.293,0],"ix":2},"a":{"a":0,"k":[0,-184.365,0],"ix":1},"s":{"a":0,"k":[60,60,100],"ix":6}},"ao":0,"shapes":[{"ind":0,"ty":"sh","ix":1,"ks":{"a":0,"k":{"i":[[-14.524,0],[0,-14.497],[14.526,0],[0,14.498]],"o":[[14.526,0],[0,14.498],[-14.524,0],[0,-14.497]],"v":[[-0.001,-26.251],[26.3,0],[-0.001,26.251],[-26.3,0]],"c":true},"ix":2},"nm":"Path 1","mn":"ADBE Vector Shape - Group","hd":false},{"ty":"fl","c":{"a":0,"k":[0.945098039216,0.670588235294,0.011764705882,1],"ix":4},"o":{"a":0,"k":100,"ix":5},"r":1,"bm":0,"nm":"Fill 1","mn":"ADBE Vector Graphic - Fill","hd":false}],"ip":0,"op":110,"st":-17,"bm":0}],"markers":[]}