{"nm":"Lotti_export_RDV","mn":"","layers":[{"ty":0,"nm":"Précomp. 3","mn":"","sr":1,"st":99,"op":999,"ip":99,"hd":false,"cl":"","ln":"","ddd":0,"bm":0,"tt":0,"hasMask":false,"td":0,"ao":0,"ks":{"a":{"a":0,"k":[325,160,0],"ix":1},"s":{"a":0,"k":[100,100,100],"ix":6},"sk":{"a":0,"k":0},"p":{"a":0,"k":[325,160,0],"ix":2},"sa":{"a":0,"k":0},"o":{"a":0,"k":100,"ix":11},"r":{"a":0,"k":0,"ix":10}},"ef":[],"w":650,"h":320,"refId":"comp_0","ind":0},{"ty":0,"nm":"Précomp. 3","mn":"","sr":1,"st":0,"op":900,"ip":0,"hd":false,"cl":"","ln":"","ddd":0,"bm":0,"tt":0,"hasMask":false,"td":0,"ao":0,"ks":{"a":{"a":0,"k":[325,160,0],"ix":1},"s":{"a":0,"k":[100,100,100],"ix":6},"sk":{"a":0,"k":0},"p":{"a":0,"k":[325,160,0],"ix":2},"sa":{"a":0,"k":0},"o":{"a":0,"k":100,"ix":11},"r":{"a":0,"k":0,"ix":10}},"ef":[],"w":650,"h":320,"refId":"comp_0","ind":1},{"ty":0,"nm":"forme","mn":"","sr":1,"st":0,"op":450,"ip":450,"hd":false,"cl":"","ln":"","ddd":0,"bm":0,"tt":0,"hasMask":false,"td":0,"ao":0,"ks":{"a":{"a":0,"k":[349.5,384,0],"ix":1},"s":{"a":0,"k":[46.069,46.069,100],"ix":6},"sk":{"a":0,"k":0},"p":{"a":0,"k":[325,160,0],"ix":2},"sa":{"a":0,"k":0},"o":{"a":0,"k":100,"ix":11},"r":{"a":0,"k":0,"ix":10}},"ef":[],"w":699,"h":768,"refId":"comp_4","ind":2}],"ddd":0,"h":320,"w":650,"meta":{"a":"","k":"","d":"","g":"@lottiefiles/toolkit-js 0.17.4","tc":"#ffffff"},"v":"4.10.2","fr":30,"op":189,"ip":0,"assets":[{"nm":"","mn":"","layers":[{"ty":4,"nm":"Calque de forme 2","mn":"","sr":1,"st":12,"op":912,"ip":12,"hd":false,"cl":"","ln":"","ddd":0,"bm":0,"tt":0,"hasMask":false,"td":0,"ao":0,"ks":{"a":{"a":0,"k":[0,0,0],"ix":1},"s":{"a":0,"k":[-89.259,65.246,100],"ix":6},"sk":{"a":0,"k":0},"p":{"a":0,"k":[325,100,0],"ix":2},"sa":{"a":0,"k":0},"o":{"a":1,"k":[{"o":{"x":0.167,"y":0.167},"i":{"x":0.833,"y":0.833},"s":[0],"t":48},{"o":{"x":0.167,"y":0.167},"i":{"x":0.833,"y":0.833},"s":[100],"t":57},{"o":{"x":0.167,"y":0.167},"i":{"x":0.833,"y":0.833},"s":[0],"t":65}],"ix":11},"r":{"a":0,"k":-19.182,"ix":10}},"ef":[],"shapes":[{"ty":"gr","bm":0,"cl":"","ln":"","hd":false,"mn":"ADBE Vector Group","nm":"Forme 1","ix":1,"cix":2,"np":4,"it":[{"ty":"sh","bm":0,"cl":"","ln":"","hd":false,"mn":"ADBE Vector Shape - Group","nm":"Tracé 1","ix":1,"d":1,"ks":{"a":0,"k":{"c":false,"i":[[4.065,-16.484],[-32,-33.5]],"o":[[-9,36.5],[32.089,33.594]],"v":[[-98,-39.057],[-66,94.943]]},"ix":2}},{"ty":"tm","bm":0,"cl":"","ln":"","hd":false,"mn":"ADBE Vector Filter - Trim","nm":"Raccorder les tracés 1","ix":2,"e":{"a":1,"k":[{"o":{"x":0.167,"y":0.167},"i":{"x":0.833,"y":0.833},"s":[100],"t":48},{"o":{"x":0.167,"y":0.167},"i":{"x":0.833,"y":0.833},"s":[0],"t":61}],"ix":2},"o":{"a":0,"k":0,"ix":3},"s":{"a":1,"k":[{"o":{"x":0.167,"y":0.167},"i":{"x":0.833,"y":0.833},"s":[100],"t":54},{"o":{"x":0.167,"y":0.167},"i":{"x":0.833,"y":0.833},"s":[0],"t":67}],"ix":1},"m":1},{"ty":"st","bm":0,"cl":"","ln":"","hd":false,"mn":"ADBE Vector Graphic - Stroke","nm":"Contour 1","lc":2,"lj":1,"ml":4,"o":{"a":0,"k":100,"ix":4},"w":{"a":0,"k":10,"ix":5},"d":[],"c":{"a":0,"k":[0.8196,0.0235,0.0235],"ix":3}},{"ty":"tr","a":{"a":0,"k":[0,0],"ix":1},"s":{"a":0,"k":[83.466,87.388],"ix":3},"sk":{"a":0,"k":0,"ix":4},"p":{"a":0,"k":[-9.5,-14],"ix":2},"r":{"a":0,"k":0,"ix":6},"sa":{"a":0,"k":0,"ix":5},"o":{"a":0,"k":100,"ix":7}}]}],"ind":0},{"ty":4,"nm":"Calque de forme 1","mn":"","sr":1,"st":0,"op":900,"ip":0,"hd":false,"cl":"","ln":"","ddd":0,"bm":0,"tt":0,"hasMask":false,"td":0,"ao":0,"ks":{"a":{"a":0,"k":[0,0,0],"ix":1},"s":{"a":0,"k":[100,100,100],"ix":6},"sk":{"a":0,"k":0},"p":{"a":0,"k":[305,160,0],"ix":2},"sa":{"a":0,"k":0},"o":{"a":1,"k":[{"o":{"x":0.167,"y":0.167},"i":{"x":0.833,"y":0.833},"s":[0],"t":36},{"o":{"x":0.167,"y":0.167},"i":{"x":0.833,"y":0.833},"s":[100],"t":45},{"o":{"x":0.167,"y":0.167},"i":{"x":0.833,"y":0.833},"s":[0],"t":53}],"ix":11},"r":{"a":0,"k":8.034,"ix":10}},"ef":[],"shapes":[{"ty":"gr","bm":0,"cl":"","ln":"","hd":false,"mn":"ADBE Vector Group","nm":"Forme 1","ix":1,"cix":2,"np":4,"it":[{"ty":"sh","bm":0,"cl":"","ln":"","hd":false,"mn":"ADBE Vector Shape - Group","nm":"Tracé 1","ix":1,"d":1,"ks":{"a":0,"k":{"c":false,"i":[[4.065,-16.484],[-32,-33.5]],"o":[[-9,36.5],[32.089,33.594]],"v":[[-98,-39.057],[-66,94.943]]},"ix":2}},{"ty":"tm","bm":0,"cl":"","ln":"","hd":false,"mn":"ADBE Vector Filter - Trim","nm":"Raccorder les tracés 1","ix":2,"e":{"a":1,"k":[{"o":{"x":0.167,"y":0.167},"i":{"x":0.833,"y":0.833},"s":[100],"t":41},{"o":{"x":0.167,"y":0.167},"i":{"x":0.833,"y":0.833},"s":[0],"t":52}],"ix":2},"o":{"a":0,"k":0,"ix":3},"s":{"a":1,"k":[{"o":{"x":0.167,"y":0.167},"i":{"x":0.833,"y":0.833},"s":[100],"t":47},{"o":{"x":0.167,"y":0.167},"i":{"x":0.833,"y":0.833},"s":[0],"t":58}],"ix":1},"m":1},{"ty":"st","bm":0,"cl":"","ln":"","hd":false,"mn":"ADBE Vector Graphic - Stroke","nm":"Contour 1","lc":2,"lj":1,"ml":4,"o":{"a":0,"k":100,"ix":4},"w":{"a":0,"k":10,"ix":5},"d":[],"c":{"a":0,"k":[1,1,1],"ix":3}},{"ty":"tr","a":{"a":0,"k":[0,0],"ix":1},"s":{"a":0,"k":[83.466,87.388],"ix":3},"sk":{"a":0,"k":0,"ix":4},"p":{"a":0,"k":[-9.5,-14],"ix":2},"r":{"a":0,"k":0,"ix":6},"sa":{"a":0,"k":0,"ix":5},"o":{"a":0,"k":100,"ix":7}}]}],"ind":1},{"ty":0,"nm":"Précomp. 2","mn":"","sr":1,"st":0,"op":900,"ip":0,"hd":false,"cl":"","ln":"","ddd":0,"bm":0,"tt":0,"hasMask":false,"td":0,"ao":0,"ks":{"a":{"a":0,"k":[325,160,0],"ix":1},"s":{"a":0,"k":[100,100,100],"ix":6},"sk":{"a":0,"k":0},"p":{"a":0,"k":[325,160,0],"ix":2},"sa":{"a":0,"k":0},"o":{"a":0,"k":100,"ix":11},"r":{"a":0,"k":0,"ix":10}},"ef":[],"w":650,"h":320,"refId":"comp_1","tm":{"a":1,"k":[{"o":{"x":0.167,"y":0.167},"i":{"x":0.98,"y":0.964},"s":[0],"t":0},{"o":{"x":0.577,"y":0.062},"i":{"x":0.833,"y":0.833},"s":[1.55],"t":15},{"o":{"x":0.167,"y":0.167},"i":{"x":0.833,"y":0.833},"s":[2.851],"t":77},{"o":{"x":0.167,"y":0.167},"i":{"x":0.833,"y":0.833},"s":[2.968],"t":80},{"o":{"x":0.167,"y":0.167},"i":{"x":0.833,"y":0.833},"s":[3.2],"t":96},{"o":{"x":0.167,"y":0.167},"i":{"x":0.833,"y":0.833},"s":[30],"t":900}],"ix":2},"ind":2}],"id":"comp_0","fr":30},{"nm":"","mn":"","layers":[{"ty":0,"nm":"TOP","mn":"","sr":1,"st":0,"op":900,"ip":0,"hd":false,"cl":"","ln":"","ddd":0,"bm":0,"tt":0,"hasMask":false,"td":0,"ao":0,"ks":{"a":{"a":0,"k":[314,149,0],"ix":1},"s":{"a":1,"k":[{"o":{"x":0.333,"y":0},"i":{"x":0.833,"y":1},"s":[100,100,100],"t":47},{"o":{"x":0.167,"y":0.167},"i":{"x":0.833,"y":0.833},"s":[100,0,100],"t":61}],"ix":6},"sk":{"a":0,"k":0},"p":{"a":0,"k":[314,89,0],"ix":2},"sa":{"a":0,"k":0},"o":{"a":0,"k":100,"ix":11},"r":{"a":0,"k":0,"ix":10}},"ef":[],"w":650,"h":320,"refId":"comp_2","ind":0},{"ty":4,"nm":"cover Silhouettes 2","mn":"","sr":1,"st":0,"op":900,"ip":0,"hd":false,"cl":"","ln":"","ddd":0,"bm":0,"tt":0,"hasMask":false,"td":0,"ao":0,"ks":{"a":{"a":0,"k":[69.017,138.838,0],"ix":1},"s":{"a":1,"k":[{"o":{"x":0.167,"y":0.167},"i":{"x":0.833,"y":0.833},"s":[100,0,100],"t":61},{"o":{"x":0.167,"y":0.167},"i":{"x":0.833,"y":0.833},"s":[100,100,100],"t":71}],"ix":6},"sk":{"a":0,"k":0},"p":{"a":0,"k":[314.675,89.588,0],"ix":2},"sa":{"a":0,"k":0},"o":{"a":1,"k":[{"o":{"x":0.167,"y":0.167},"i":{"x":0.833,"y":0.833},"s":[100],"t":71},{"o":{"x":0.167,"y":0.167},"i":{"x":0.833,"y":0.833},"s":[0],"t":72}],"ix":11},"r":{"a":0,"k":0,"ix":10}},"ef":[],"shapes":[{"ty":"gr","bm":0,"cl":"","ln":"","hd":false,"mn":"ADBE Vector Group","nm":"Groupe 1","ix":1,"cix":2,"np":2,"it":[{"ty":"sh","bm":0,"cl":"","ln":"","hd":false,"mn":"ADBE Vector Shape - Group","nm":"Tracé 1","ix":1,"d":1,"ks":{"a":1,"k":[{"o":{"x":0.167,"y":0.167},"i":{"x":0.833,"y":0.833},"s":[{"c":true,"i":[[8.14,0],[0,0],[0,0],[4.705,0],[0,-4.693],[0,0],[0,0],[0,0],[4.705,0],[0,-4.693],[0,0],[0,0],[0,8.118],[0,0],[-8.139,0],[0,0],[1.14,-8.986],[0,0]],"o":[[0,0],[0,0],[0,-4.693],[-4.705,0],[0,0],[0,0],[0,0],[0,-4.693],[-4.705,0],[0,0],[0,0],[-8.139,0],[0,0],[-0.852,-11.283],[0,0],[8.14,0],[0,0],[0,8.118]],"v":[[52.968,67.588],[42.959,67.588],[42.959,48.287],[34.426,39.776],[25.895,48.287],[25.895,67.588],[-25.894,67.588],[-25.894,48.287],[-34.427,39.776],[-42.959,48.287],[-42.959,67.588],[-52.967,67.588],[-67.766,52.827],[-86.141,-2.953],[-80.842,-50.854],[84.467,-50.369],[89.766,0.484],[67.766,52.827]]}],"t":62},{"o":{"x":0.167,"y":0.167},"i":{"x":0.833,"y":0.833},"s":[{"c":true,"i":[[8.14,0],[0,0],[0,0],[4.705,0],[0,-4.693],[0,0],[0,0],[0,0],[4.705,0],[0,-4.693],[0,0],[0,0],[0,8.118],[0,0],[-8.139,0],[0,0],[0,-8.118],[0,0]],"o":[[0,0],[0,0],[0,-4.693],[-4.705,0],[0,0],[0,0],[0,0],[0,-4.693],[-4.705,0],[0,0],[0,0],[-8.139,0],[0,0],[0,-8.118],[0,0],[8.14,0],[0,0],[0,8.118]],"v":[[52.968,67.588],[42.959,67.588],[42.959,48.287],[34.426,39.776],[25.894,48.287],[25.894,67.588],[-25.894,67.588],[-25.894,48.287],[-34.426,39.776],[-42.959,48.287],[-42.959,67.588],[-52.967,67.588],[-67.766,52.827],[-67.766,-52.828],[-52.967,-67.588],[52.968,-67.588],[67.766,-52.828],[67.766,52.827]]}],"t":72}],"ix":2}},{"ty":"fl","bm":0,"cl":"","ln":"","hd":false,"mn":"ADBE Vector Graphic - Fill","nm":"Fond 1","c":{"a":0,"k":[1,0.0078,0.0078],"ix":4},"r":1,"o":{"a":0,"k":100,"ix":5}},{"ty":"tr","a":{"a":0,"k":[0,0],"ix":1},"s":{"a":0,"k":[100,100],"ix":3},"sk":{"a":0,"k":0,"ix":4},"p":{"a":0,"k":[68.016,67.838],"ix":2},"r":{"a":0,"k":0,"ix":6},"sa":{"a":0,"k":0,"ix":5},"o":{"a":0,"k":100,"ix":7}}]}],"ind":1},{"ty":4,"nm":"Calque 118 Silhouettes 2","mn":"","sr":1,"st":0,"op":900,"ip":0,"hd":false,"cl":"","ln":"","ddd":0,"bm":0,"tt":0,"hasMask":false,"td":0,"ao":0,"ks":{"a":{"a":0,"k":[68.017,68.017,0],"ix":1},"s":{"a":0,"k":[100,100,100],"ix":6},"sk":{"a":0,"k":0},"p":{"a":0,"k":[313.675,159.942,0],"ix":2},"sa":{"a":0,"k":0},"o":{"a":1,"k":[{"o":{"x":0.167,"y":0.167},"i":{"x":0.833,"y":0.833},"s":[25],"t":55},{"o":{"x":0.167,"y":0.167},"i":{"x":0.833,"y":0.833},"s":[0],"t":65}],"ix":11},"r":{"a":0,"k":0,"ix":10}},"ef":[],"shapes":[{"ty":"gr","bm":0,"cl":"","ln":"","hd":false,"mn":"ADBE Vector Group","nm":"Groupe 1","ix":1,"cix":2,"np":2,"it":[{"ty":"sh","bm":0,"cl":"","ln":"","hd":false,"mn":"ADBE Vector Shape - Group","nm":"Tracé 1","ix":1,"d":1,"ks":{"a":1,"k":[{"o":{"x":0.167,"y":0.167},"i":{"x":0.833,"y":0.833},"s":[{"c":true,"i":[[8.14,0],[0,0],[0,0],[4.705,0],[0,4.705],[0,0],[0,0],[0,0],[4.705,0],[0,4.705],[0,0],[0,0],[0,-8.14],[0,0],[-8.139,0],[0,0],[0,8.14],[0,0]],"o":[[0,0],[0,0],[0,4.705],[-4.705,0],[0,0],[0,0],[0,0],[0,4.705],[-4.705,0],[0,0],[0,0],[-8.139,0],[0,0],[0,8.14],[0,0],[8.14,0],[0,0],[0,-8.14]],"v":[[52.968,-67.767],[42.959,-67.767],[42.959,-48.413],[34.426,-39.882],[25.894,-48.413],[25.894,-67.767],[-25.894,-67.767],[-25.894,-48.413],[-34.426,-39.882],[-42.959,-48.413],[-42.959,-67.767],[-52.967,-67.767],[-67.766,-52.967],[-67.766,52.967],[-52.967,67.767],[52.968,67.767],[67.766,52.967],[67.766,-52.967]]}],"t":54},{"o":{"x":0.167,"y":0.167},"i":{"x":0.833,"y":0.833},"s":[{"c":true,"i":[[8.14,0],[0,0],[0,0],[4.705,0],[0,4.705],[0,0],[0,0],[0,0],[4.705,0],[0,4.705],[0,0],[0,0],[0,-8.14],[0,0],[-8.139,0],[0,0],[0,8.14],[0,0]],"o":[[0,0],[0,0],[0,4.705],[-4.705,0],[0,0],[0,0],[0,0],[0,4.705],[-4.705,0],[0,0],[0,0],[-8.139,0],[0,0],[0,8.14],[0,0],[8.14,0],[0,0],[0,-8.14]],"v":[[52.968,-67.767],[42.959,-67.767],[42.959,-48.413],[34.426,-39.882],[25.894,-48.413],[25.894,-67.767],[-25.894,-67.767],[-25.894,-48.413],[-34.426,-39.882],[-42.959,-48.413],[-42.959,-67.767],[-52.967,-67.767],[-67.766,-52.967],[-67.874,-36.534],[-53.075,-21.734],[52.86,-21.734],[67.659,-36.534],[67.766,-52.967]]}],"t":64}],"ix":2}},{"ty":"fl","bm":0,"cl":"","ln":"","hd":false,"mn":"ADBE Vector Graphic - Fill","nm":"Fond 1","c":{"a":0,"k":[0.1333,0.1333,0.1333],"ix":4},"r":1,"o":{"a":0,"k":100,"ix":5}},{"ty":"tr","a":{"a":0,"k":[0,0],"ix":1},"s":{"a":0,"k":[100,100],"ix":3},"sk":{"a":0,"k":0,"ix":4},"p":{"a":0,"k":[68.016,68.017],"ix":2},"r":{"a":0,"k":0,"ix":6},"sa":{"a":0,"k":0,"ix":5},"o":{"a":0,"k":100,"ix":7}}]}],"ind":2},{"ty":0,"nm":"Base","mn":"","sr":1,"st":0,"op":900,"ip":0,"hd":false,"cl":"","ln":"","ddd":0,"bm":0,"tt":0,"hasMask":false,"td":0,"ao":0,"ks":{"a":{"a":0,"k":[325,160,0],"ix":1},"s":{"a":0,"k":[100,100,100],"ix":6},"sk":{"a":0,"k":0},"p":{"a":0,"k":[325,100,0],"ix":2},"sa":{"a":0,"k":0},"o":{"a":0,"k":100,"ix":11},"r":{"a":0,"k":0,"ix":10}},"ef":[],"w":650,"h":320,"refId":"comp_3","ind":3},{"ty":4,"nm":"cover Silhouettes","mn":"","sr":1,"st":23,"op":923,"ip":23,"hd":false,"cl":"","ln":"","ddd":0,"bm":0,"tt":0,"hasMask":false,"td":0,"ao":0,"ks":{"a":{"a":0,"k":[69.017,138.838,0],"ix":1},"s":{"a":1,"k":[{"o":{"x":0.167,"y":0.167},"i":{"x":0.833,"y":0.833},"s":[100,104,100],"t":71},{"o":{"x":0.167,"y":0},"i":{"x":0.667,"y":1},"s":[100,4,100],"t":82},{"o":{"x":0.167,"y":0.167},"i":{"x":0.833,"y":0.833},"s":[100,-100,100],"t":92}],"ix":6},"sk":{"a":0,"k":0},"p":{"a":0,"k":[314.675,89.588,0],"ix":2},"sa":{"a":0,"k":0},"o":{"a":1,"k":[{"o":{"x":0.167,"y":0.167},"i":{"x":0.833,"y":0.833},"s":[0],"t":71},{"o":{"x":0.167,"y":0.167},"i":{"x":0.833,"y":0.833},"s":[100],"t":72}],"ix":11},"r":{"a":0,"k":0,"ix":10}},"ef":[],"shapes":[{"ty":"gr","bm":0,"cl":"","ln":"","hd":false,"mn":"ADBE Vector Group","nm":"Groupe 1","ix":1,"cix":2,"np":2,"it":[{"ty":"sh","bm":0,"cl":"","ln":"","hd":false,"mn":"ADBE Vector Shape - Group","nm":"Tracé 1","ix":1,"d":1,"ks":{"a":1,"k":[{"o":{"x":0.167,"y":0.167},"i":{"x":0.833,"y":0.833},"s":[{"c":true,"i":[[8.14,0],[0,0],[0,0],[4.705,0],[0,-4.693],[0,0],[0,0],[0,0],[4.705,0],[0,-4.693],[0,0],[0,0],[0,8.118],[0,0],[-8.139,0],[0,0],[0,-8.118],[0,0]],"o":[[0,0],[0,0],[0,-4.693],[-4.705,0],[0,0],[0,0],[0,0],[0,-4.693],[-4.705,0],[0,0],[0,0],[-8.139,0],[0,0],[0,-8.118],[0,0],[8.14,0],[0,0],[0,8.118]],"v":[[52.968,67.588],[42.959,67.588],[42.959,48.287],[34.426,39.776],[25.894,48.287],[25.894,67.588],[-25.894,67.588],[-25.894,48.287],[-34.426,39.776],[-42.959,48.287],[-42.959,67.588],[-52.967,67.588],[-67.766,52.827],[-67.766,-52.828],[-52.967,-67.588],[52.968,-67.588],[67.766,-52.828],[67.766,52.827]]}],"t":72},{"o":{"x":0.167,"y":0.167},"i":{"x":0.833,"y":0.833},"s":[{"c":true,"i":[[8.14,0],[0,0],[0,0],[4.705,0],[0,-4.693],[0,0],[0,0],[0,0],[4.705,0],[0,-4.693],[0,0],[0,0],[0,8.118],[0,0],[-8.139,0],[0,0],[0,-8.118],[0,0]],"o":[[0,0],[0,0],[0,-4.693],[-4.705,0],[0,0],[0,0],[0,0],[0,-4.693],[-4.705,0],[0,0],[0,0],[-8.139,0],[0,0],[2.091,-18.888],[0,0],[8.14,0],[0,0],[0,8.118]],"v":[[52.967,67.588],[42.959,67.588],[42.959,48.287],[34.426,39.776],[25.894,48.287],[25.894,67.588],[-25.894,67.588],[-25.894,48.287],[-34.426,39.776],[-42.959,48.287],[-42.959,67.588],[-52.967,67.588],[-61.016,29.202],[-50.891,-45.828],[-36.217,-83.338],[33.468,-83.838],[47.517,-44.953],[61.016,42.327]]}],"t":81},{"o":{"x":0.167,"y":0.167},"i":{"x":0.833,"y":0.833},"s":[{"c":true,"i":[[8.14,0],[0,0],[0,0],[4.705,0],[0,-4.693],[0,0],[0,0],[0,0],[4.705,0],[0,-4.693],[0,0],[0,0],[0,8.118],[0,0],[-8.139,0],[0,0],[0,-8.118],[0,0]],"o":[[0,0],[0,0],[0,-4.693],[-4.705,0],[0,0],[0,0],[0,0],[0,-4.693],[-4.705,0],[0,0],[0,0],[-8.139,0],[0,0],[0,-8.118],[0,0],[8.14,0],[0,0],[0,8.118]],"v":[[52.968,67.588],[42.959,67.588],[42.959,48.287],[34.426,39.776],[25.894,48.287],[25.894,67.588],[-25.894,67.588],[-25.894,48.287],[-34.426,39.776],[-42.959,48.287],[-42.959,67.588],[-52.967,67.588],[-67.766,52.827],[-67.766,-52.828],[-52.967,-67.588],[52.968,-67.588],[67.766,-52.828],[67.766,52.827]]}],"t":92}],"ix":2}},{"ty":"fl","bm":0,"cl":"","ln":"","hd":false,"mn":"ADBE Vector Graphic - Fill","nm":"Fond 1","c":{"a":1,"k":[{"o":{"x":0.167,"y":0.167},"i":{"x":0.833,"y":0.833},"s":[1,0.0078,0.0078],"t":71},{"o":{"x":0.167,"y":0.167},"i":{"x":0.833,"y":0.833},"s":[1,0.0078,0.0078],"t":82},{"o":{"x":0.167,"y":0.167},"i":{"x":0.833,"y":0.833},"s":[0.2196,0.1725,0.5804],"t":92}],"ix":4},"r":1,"o":{"a":0,"k":100,"ix":5}},{"ty":"tr","a":{"a":0,"k":[0,0],"ix":1},"s":{"a":0,"k":[100,100],"ix":3},"sk":{"a":0,"k":0,"ix":4},"p":{"a":0,"k":[68.016,67.838],"ix":2},"r":{"a":0,"k":0,"ix":6},"sa":{"a":0,"k":0,"ix":5},"o":{"a":0,"k":100,"ix":7}}]}],"ind":4}],"id":"comp_1","fr":30},{"nm":"","mn":"","layers":[{"ty":4,"nm":"Calque 6 Silhouettes","mn":"","sr":1,"st":0,"op":900,"ip":0,"hd":false,"cl":"","ln":"","ddd":0,"bm":0,"tt":0,"hasMask":false,"td":0,"ao":0,"ks":{"a":{"a":0,"k":[5.93,5.931,0],"ix":1},"s":{"a":0,"k":[100,100,100],"ix":6},"sk":{"a":0,"k":0},"p":{"a":1,"k":[{"o":{"x":0.167,"y":0.167},"i":{"x":0.833,"y":0.833},"s":[345.4,256.899,0],"t":47},{"o":{"x":0.167,"y":0.167},"i":{"x":0.833,"y":0.833},"s":[365.4,256.899,0],"t":61}],"ix":2},"sa":{"a":0,"k":0},"o":{"a":0,"k":100,"ix":11},"r":{"a":0,"k":0,"ix":10}},"ef":[],"shapes":[{"ty":"gr","bm":0,"cl":"","ln":"","hd":false,"mn":"ADBE Vector Group","nm":"Groupe 1","ix":1,"cix":2,"np":2,"it":[{"ty":"sh","bm":0,"cl":"","ln":"","hd":false,"mn":"ADBE Vector Shape - Group","nm":"Tracé 1","ix":1,"d":1,"ks":{"a":0,"k":{"c":true,"i":[[0,-3.137],[3.138,0],[0,3.138],[-3.136,0]],"o":[[0,3.138],[-3.136,0],[0,-3.137],[3.138,0]],"v":[[5.68,-0.001],[-0.001,5.68],[-5.68,-0.001],[-0.001,-5.68]]},"ix":2}},{"ty":"fl","bm":0,"cl":"","ln":"","hd":false,"mn":"ADBE Vector Graphic - Fill","nm":"Fond 1","c":{"a":0,"k":[1,0.0078,0.0078],"ix":4},"r":1,"o":{"a":0,"k":100,"ix":5}},{"ty":"tr","a":{"a":0,"k":[0,0],"ix":1},"s":{"a":0,"k":[100,100],"ix":3},"sk":{"a":0,"k":0,"ix":4},"p":{"a":0,"k":[5.93,5.931],"ix":2},"r":{"a":0,"k":0,"ix":6},"sa":{"a":0,"k":0,"ix":5},"o":{"a":0,"k":100,"ix":7}}]}],"ind":0},{"ty":4,"nm":"Calque 7 Silhouettes","mn":"","sr":1,"st":0,"op":900,"ip":0,"hd":false,"cl":"","ln":"","ddd":0,"bm":0,"tt":0,"hasMask":false,"td":0,"ao":0,"ks":{"a":{"a":0,"k":[5.93,5.931,0],"ix":1},"s":{"a":0,"k":[100,100,100],"ix":6},"sk":{"a":0,"k":0},"p":{"a":1,"k":[{"o":{"x":0.167,"y":0.167},"i":{"x":0.833,"y":0.833},"s":[324.25,256.899,0],"t":47},{"o":{"x":0.167,"y":0.167},"i":{"x":0.833,"y":0.833},"s":[327.75,256.899,0],"t":61}],"ix":2},"sa":{"a":0,"k":0},"o":{"a":0,"k":100,"ix":11},"r":{"a":0,"k":0,"ix":10}},"ef":[],"shapes":[{"ty":"gr","bm":0,"cl":"","ln":"","hd":false,"mn":"ADBE Vector Group","nm":"Groupe 1","ix":1,"cix":2,"np":2,"it":[{"ty":"sh","bm":0,"cl":"","ln":"","hd":false,"mn":"ADBE Vector Shape - Group","nm":"Tracé 1","ix":1,"d":1,"ks":{"a":0,"k":{"c":true,"i":[[0,-3.137],[3.137,0],[0,3.138],[-3.137,0]],"o":[[0,3.138],[-3.137,0],[0,-3.137],[3.137,0]],"v":[[5.681,-0.001],[-0.001,5.68],[-5.681,-0.001],[-0.001,-5.68]]},"ix":2}},{"ty":"fl","bm":0,"cl":"","ln":"","hd":false,"mn":"ADBE Vector Graphic - Fill","nm":"Fond 1","c":{"a":0,"k":[1,0.0078,0.0078],"ix":4},"r":1,"o":{"a":0,"k":100,"ix":5}},{"ty":"tr","a":{"a":0,"k":[0,0],"ix":1},"s":{"a":0,"k":[100,100],"ix":3},"sk":{"a":0,"k":0,"ix":4},"p":{"a":0,"k":[5.93,5.931],"ix":2},"r":{"a":0,"k":0,"ix":6},"sa":{"a":0,"k":0,"ix":5},"o":{"a":0,"k":100,"ix":7}}]}],"ind":1},{"ty":4,"nm":"Calque 8 Silhouettes","mn":"","sr":1,"st":0,"op":900,"ip":0,"hd":false,"cl":"","ln":"","ddd":0,"bm":0,"tt":0,"hasMask":false,"td":0,"ao":0,"ks":{"a":{"a":0,"k":[5.931,5.931,0],"ix":1},"s":{"a":0,"k":[100,100,100],"ix":6},"sk":{"a":0,"k":0},"p":{"a":1,"k":[{"o":{"x":0.167,"y":0.167},"i":{"x":0.833,"y":0.833},"s":[303.1,256.899,0],"t":47},{"o":{"x":0.167,"y":0.167},"i":{"x":0.833,"y":0.833},"s":[297.6,256.899,0],"t":61}],"ix":2},"sa":{"a":0,"k":0},"o":{"a":0,"k":100,"ix":11},"r":{"a":0,"k":0,"ix":10}},"ef":[],"shapes":[{"ty":"gr","bm":0,"cl":"","ln":"","hd":false,"mn":"ADBE Vector Group","nm":"Groupe 1","ix":1,"cix":2,"np":2,"it":[{"ty":"sh","bm":0,"cl":"","ln":"","hd":false,"mn":"ADBE Vector Shape - Group","nm":"Tracé 1","ix":1,"d":1,"ks":{"a":0,"k":{"c":true,"i":[[0,-3.137],[3.137,0],[0,3.138],[-3.137,0]],"o":[[0,3.138],[-3.137,0],[0,-3.137],[3.137,0]],"v":[[5.681,-0.001],[0,5.68],[-5.681,-0.001],[0,-5.68]]},"ix":2}},{"ty":"fl","bm":0,"cl":"","ln":"","hd":false,"mn":"ADBE Vector Graphic - Fill","nm":"Fond 1","c":{"a":0,"k":[1,0.0078,0.0078],"ix":4},"r":1,"o":{"a":0,"k":100,"ix":5}},{"ty":"tr","a":{"a":0,"k":[0,0],"ix":1},"s":{"a":0,"k":[100,100],"ix":3},"sk":{"a":0,"k":0,"ix":4},"p":{"a":0,"k":[5.93,5.931],"ix":2},"r":{"a":0,"k":0,"ix":6},"sa":{"a":0,"k":0,"ix":5},"o":{"a":0,"k":100,"ix":7}}]}],"ind":2},{"ty":4,"nm":"Calque 9 Silhouettes","mn":"","sr":1,"st":0,"op":900,"ip":0,"hd":false,"cl":"","ln":"","ddd":0,"bm":0,"tt":0,"hasMask":false,"td":0,"ao":0,"ks":{"a":{"a":0,"k":[5.93,5.931,0],"ix":1},"s":{"a":0,"k":[100,100,100],"ix":6},"sk":{"a":0,"k":0},"p":{"a":1,"k":[{"o":{"x":0.167,"y":0.167},"i":{"x":0.833,"y":0.833},"s":[281.951,256.899,0],"t":47},{"o":{"x":0.167,"y":0.167},"i":{"x":0.833,"y":0.833},"s":[261.951,256.899,0],"t":61}],"ix":2},"sa":{"a":0,"k":0},"o":{"a":0,"k":100,"ix":11},"r":{"a":0,"k":0,"ix":10}},"ef":[],"shapes":[{"ty":"gr","bm":0,"cl":"","ln":"","hd":false,"mn":"ADBE Vector Group","nm":"Groupe 1","ix":1,"cix":2,"np":2,"it":[{"ty":"sh","bm":0,"cl":"","ln":"","hd":false,"mn":"ADBE Vector Shape - Group","nm":"Tracé 1","ix":1,"d":1,"ks":{"a":0,"k":{"c":true,"i":[[0,-3.137],[3.137,0],[0,3.138],[-3.137,0]],"o":[[0,3.138],[-3.137,0],[0,-3.137],[3.137,0]],"v":[[5.68,-0.001],[0,5.68],[-5.68,-0.001],[0,-5.68]]},"ix":2}},{"ty":"fl","bm":0,"cl":"","ln":"","hd":false,"mn":"ADBE Vector Graphic - Fill","nm":"Fond 1","c":{"a":0,"k":[1,0.0078,0.0078],"ix":4},"r":1,"o":{"a":0,"k":100,"ix":5}},{"ty":"tr","a":{"a":0,"k":[0,0],"ix":1},"s":{"a":0,"k":[100,100],"ix":3},"sk":{"a":0,"k":0,"ix":4},"p":{"a":0,"k":[5.93,5.931],"ix":2},"r":{"a":0,"k":0,"ix":6},"sa":{"a":0,"k":0,"ix":5},"o":{"a":0,"k":100,"ix":7}}]}],"ind":3},{"ty":4,"nm":"Calque 10 Silhouettes","mn":"","sr":1,"st":0,"op":900,"ip":0,"hd":false,"cl":"","ln":"","ddd":0,"bm":0,"tt":0,"hasMask":false,"td":0,"ao":0,"ks":{"a":{"a":0,"k":[5.93,5.931,0],"ix":1},"s":{"a":0,"k":[100,100,100],"ix":6},"sk":{"a":0,"k":0},"p":{"a":1,"k":[{"o":{"x":0.167,"y":0.167},"i":{"x":0.833,"y":0.833},"s":[345.4,237.178,0],"t":47},{"o":{"x":0.167,"y":0.167},"i":{"x":0.833,"y":0.833},"s":[358.9,237.178,0],"t":61}],"ix":2},"sa":{"a":0,"k":0},"o":{"a":0,"k":100,"ix":11},"r":{"a":0,"k":0,"ix":10}},"ef":[],"shapes":[{"ty":"gr","bm":0,"cl":"","ln":"","hd":false,"mn":"ADBE Vector Group","nm":"Groupe 1","ix":1,"cix":2,"np":2,"it":[{"ty":"sh","bm":0,"cl":"","ln":"","hd":false,"mn":"ADBE Vector Shape - Group","nm":"Tracé 1","ix":1,"d":1,"ks":{"a":0,"k":{"c":true,"i":[[0,-3.138],[3.138,0],[0,3.137],[-3.136,0]],"o":[[0,3.137],[-3.136,0],[0,-3.138],[3.138,0]],"v":[[5.68,0.001],[-0.001,5.68],[-5.68,0.001],[-0.001,-5.68]]},"ix":2}},{"ty":"fl","bm":0,"cl":"","ln":"","hd":false,"mn":"ADBE Vector Graphic - Fill","nm":"Fond 1","c":{"a":0,"k":[1,0.0078,0.0078],"ix":4},"r":1,"o":{"a":0,"k":100,"ix":5}},{"ty":"tr","a":{"a":0,"k":[0,0],"ix":1},"s":{"a":0,"k":[100,100],"ix":3},"sk":{"a":0,"k":0,"ix":4},"p":{"a":0,"k":[5.93,5.931],"ix":2},"r":{"a":0,"k":0,"ix":6},"sa":{"a":0,"k":0,"ix":5},"o":{"a":0,"k":100,"ix":7}}]}],"ind":4},{"ty":4,"nm":"Calque 11 Silhouettes","mn":"","sr":1,"st":0,"op":900,"ip":0,"hd":false,"cl":"","ln":"","ddd":0,"bm":0,"tt":0,"hasMask":false,"td":0,"ao":0,"ks":{"a":{"a":0,"k":[5.93,5.931,0],"ix":1},"s":{"a":0,"k":[100,100,100],"ix":6},"sk":{"a":0,"k":0},"p":{"a":1,"k":[{"o":{"x":0.167,"y":0.167},"i":{"x":0.833,"y":0.833},"s":[324.25,237.178,0],"t":47},{"o":{"x":0.167,"y":0.167},"i":{"x":0.833,"y":0.833},"s":[324.75,237.178,0],"t":61}],"ix":2},"sa":{"a":0,"k":0},"o":{"a":0,"k":100,"ix":11},"r":{"a":0,"k":0,"ix":10}},"ef":[],"shapes":[{"ty":"gr","bm":0,"cl":"","ln":"","hd":false,"mn":"ADBE Vector Group","nm":"Groupe 1","ix":1,"cix":2,"np":2,"it":[{"ty":"sh","bm":0,"cl":"","ln":"","hd":false,"mn":"ADBE Vector Shape - Group","nm":"Tracé 1","ix":1,"d":1,"ks":{"a":0,"k":{"c":true,"i":[[0,-3.138],[3.137,0],[0,3.137],[-3.137,0]],"o":[[0,3.137],[-3.137,0],[0,-3.138],[3.137,0]],"v":[[5.681,0.001],[-0.001,5.68],[-5.681,0.001],[-0.001,-5.68]]},"ix":2}},{"ty":"fl","bm":0,"cl":"","ln":"","hd":false,"mn":"ADBE Vector Graphic - Fill","nm":"Fond 1","c":{"a":0,"k":[1,0.0078,0.0078],"ix":4},"r":1,"o":{"a":0,"k":100,"ix":5}},{"ty":"tr","a":{"a":0,"k":[0,0],"ix":1},"s":{"a":0,"k":[100,100],"ix":3},"sk":{"a":0,"k":0,"ix":4},"p":{"a":0,"k":[5.93,5.931],"ix":2},"r":{"a":0,"k":0,"ix":6},"sa":{"a":0,"k":0,"ix":5},"o":{"a":0,"k":100,"ix":7}}]}],"ind":5},{"ty":4,"nm":"Calque 12 Silhouettes","mn":"","sr":1,"st":0,"op":900,"ip":0,"hd":false,"cl":"","ln":"","ddd":0,"bm":0,"tt":0,"hasMask":false,"td":0,"ao":0,"ks":{"a":{"a":0,"k":[5.931,5.931,0],"ix":1},"s":{"a":0,"k":[100,100,100],"ix":6},"sk":{"a":0,"k":0},"p":{"a":1,"k":[{"o":{"x":0.167,"y":0.167},"i":{"x":0.833,"y":0.833},"s":[303.1,237.178,0],"t":47},{"o":{"x":0.167,"y":0.167},"i":{"x":0.833,"y":0.833},"s":[299.6,237.178,0],"t":61}],"ix":2},"sa":{"a":0,"k":0},"o":{"a":0,"k":100,"ix":11},"r":{"a":0,"k":0,"ix":10}},"ef":[],"shapes":[{"ty":"gr","bm":0,"cl":"","ln":"","hd":false,"mn":"ADBE Vector Group","nm":"Groupe 1","ix":1,"cix":2,"np":2,"it":[{"ty":"sh","bm":0,"cl":"","ln":"","hd":false,"mn":"ADBE Vector Shape - Group","nm":"Tracé 1","ix":1,"d":1,"ks":{"a":0,"k":{"c":true,"i":[[0,-3.138],[3.137,0],[0,3.137],[-3.137,0]],"o":[[0,3.137],[-3.137,0],[0,-3.138],[3.137,0]],"v":[[5.681,0.001],[0,5.68],[-5.681,0.001],[0,-5.68]]},"ix":2}},{"ty":"fl","bm":0,"cl":"","ln":"","hd":false,"mn":"ADBE Vector Graphic - Fill","nm":"Fond 1","c":{"a":0,"k":[1,0.0078,0.0078],"ix":4},"r":1,"o":{"a":0,"k":100,"ix":5}},{"ty":"tr","a":{"a":0,"k":[0,0],"ix":1},"s":{"a":0,"k":[100,100],"ix":3},"sk":{"a":0,"k":0,"ix":4},"p":{"a":0,"k":[5.93,5.931],"ix":2},"r":{"a":0,"k":0,"ix":6},"sa":{"a":0,"k":0,"ix":5},"o":{"a":0,"k":100,"ix":7}}]}],"ind":6},{"ty":4,"nm":"Calque 13 Silhouettes","mn":"","sr":1,"st":0,"op":900,"ip":0,"hd":false,"cl":"","ln":"","ddd":0,"bm":0,"tt":0,"hasMask":false,"td":0,"ao":0,"ks":{"a":{"a":0,"k":[5.93,5.931,0],"ix":1},"s":{"a":0,"k":[100,100,100],"ix":6},"sk":{"a":0,"k":0},"p":{"a":1,"k":[{"o":{"x":0.167,"y":0.167},"i":{"x":0.833,"y":0.833},"s":[281.951,237.178,0],"t":47},{"o":{"x":0.167,"y":0.167},"i":{"x":0.833,"y":0.833},"s":[266.951,237.178,0],"t":61}],"ix":2},"sa":{"a":0,"k":0},"o":{"a":0,"k":100,"ix":11},"r":{"a":0,"k":0,"ix":10}},"ef":[],"shapes":[{"ty":"gr","bm":0,"cl":"","ln":"","hd":false,"mn":"ADBE Vector Group","nm":"Groupe 1","ix":1,"cix":2,"np":2,"it":[{"ty":"sh","bm":0,"cl":"","ln":"","hd":false,"mn":"ADBE Vector Shape - Group","nm":"Tracé 1","ix":1,"d":1,"ks":{"a":0,"k":{"c":true,"i":[[0,-3.138],[3.137,0],[0,3.137],[-3.137,0]],"o":[[0,3.137],[-3.137,0],[0,-3.138],[3.137,0]],"v":[[5.68,0.001],[0,5.68],[-5.68,0.001],[0,-5.68]]},"ix":2}},{"ty":"fl","bm":0,"cl":"","ln":"","hd":false,"mn":"ADBE Vector Graphic - Fill","nm":"Fond 1","c":{"a":0,"k":[1,0.0078,0.0078],"ix":4},"r":1,"o":{"a":0,"k":100,"ix":5}},{"ty":"tr","a":{"a":0,"k":[0,0],"ix":1},"s":{"a":0,"k":[100,100],"ix":3},"sk":{"a":0,"k":0,"ix":4},"p":{"a":0,"k":[5.93,5.931],"ix":2},"r":{"a":0,"k":0,"ix":6},"sa":{"a":0,"k":0,"ix":5},"o":{"a":0,"k":100,"ix":7}}]}],"ind":7},{"ty":4,"nm":"Calque 14 Silhouettes","mn":"","sr":1,"st":0,"op":900,"ip":0,"hd":false,"cl":"","ln":"","ddd":0,"bm":0,"tt":0,"hasMask":false,"td":0,"ao":0,"ks":{"a":{"a":0,"k":[5.93,5.931,0],"ix":1},"s":{"a":0,"k":[100,100,100],"ix":6},"sk":{"a":0,"k":0},"p":{"a":1,"k":[{"o":{"x":0.167,"y":0.167},"i":{"x":0.833,"y":0.833},"s":[345.4,217.458,0],"t":47},{"o":{"x":0.167,"y":0.167},"i":{"x":0.833,"y":0.833},"s":[351.9,217.458,0],"t":61}],"ix":2},"sa":{"a":0,"k":0},"o":{"a":0,"k":100,"ix":11},"r":{"a":0,"k":0,"ix":10}},"ef":[],"shapes":[{"ty":"gr","bm":0,"cl":"","ln":"","hd":false,"mn":"ADBE Vector Group","nm":"Groupe 1","ix":1,"cix":2,"np":2,"it":[{"ty":"sh","bm":0,"cl":"","ln":"","hd":false,"mn":"ADBE Vector Shape - Group","nm":"Tracé 1","ix":1,"d":1,"ks":{"a":0,"k":{"c":true,"i":[[0,-3.138],[3.138,0],[0,3.137],[-3.136,0]],"o":[[0,3.137],[-3.136,0],[0,-3.138],[3.138,0]],"v":[[5.68,0.001],[-0.001,5.68],[-5.68,0.001],[-0.001,-5.68]]},"ix":2}},{"ty":"fl","bm":0,"cl":"","ln":"","hd":false,"mn":"ADBE Vector Graphic - Fill","nm":"Fond 1","c":{"a":0,"k":[1,0.0078,0.0078],"ix":4},"r":1,"o":{"a":0,"k":100,"ix":5}},{"ty":"tr","a":{"a":0,"k":[0,0],"ix":1},"s":{"a":0,"k":[100,100],"ix":3},"sk":{"a":0,"k":0,"ix":4},"p":{"a":0,"k":[5.93,5.931],"ix":2},"r":{"a":0,"k":0,"ix":6},"sa":{"a":0,"k":0,"ix":5},"o":{"a":0,"k":100,"ix":7}}]}],"ind":8},{"ty":4,"nm":"Calque 15 Silhouettes","mn":"","sr":1,"st":0,"op":900,"ip":0,"hd":false,"cl":"","ln":"","ddd":0,"bm":0,"tt":0,"hasMask":false,"td":0,"ao":0,"ks":{"a":{"a":0,"k":[5.93,5.931,0],"ix":1},"s":{"a":0,"k":[100,100,100],"ix":6},"sk":{"a":0,"k":0},"p":{"a":1,"k":[{"o":{"x":0.167,"y":0.167},"i":{"x":0.833,"y":0.833},"s":[324.25,217.458,0],"t":47},{"o":{"x":0.167,"y":0.167},"i":{"x":0.833,"y":0.833},"s":[322.75,217.458,0],"t":61}],"ix":2},"sa":{"a":0,"k":0},"o":{"a":0,"k":100,"ix":11},"r":{"a":0,"k":0,"ix":10}},"ef":[],"shapes":[{"ty":"gr","bm":0,"cl":"","ln":"","hd":false,"mn":"ADBE Vector Group","nm":"Groupe 1","ix":1,"cix":2,"np":2,"it":[{"ty":"sh","bm":0,"cl":"","ln":"","hd":false,"mn":"ADBE Vector Shape - Group","nm":"Tracé 1","ix":1,"d":1,"ks":{"a":0,"k":{"c":true,"i":[[0,-3.138],[3.137,0],[0,3.137],[-3.137,0]],"o":[[0,3.137],[-3.137,0],[0,-3.138],[3.137,0]],"v":[[5.681,0.001],[-0.001,5.68],[-5.681,0.001],[-0.001,-5.68]]},"ix":2}},{"ty":"fl","bm":0,"cl":"","ln":"","hd":false,"mn":"ADBE Vector Graphic - Fill","nm":"Fond 1","c":{"a":0,"k":[1,0.0078,0.0078],"ix":4},"r":1,"o":{"a":0,"k":100,"ix":5}},{"ty":"tr","a":{"a":0,"k":[0,0],"ix":1},"s":{"a":0,"k":[100,100],"ix":3},"sk":{"a":0,"k":0,"ix":4},"p":{"a":0,"k":[5.93,5.931],"ix":2},"r":{"a":0,"k":0,"ix":6},"sa":{"a":0,"k":0,"ix":5},"o":{"a":0,"k":100,"ix":7}}]}],"ind":9},{"ty":4,"nm":"Calque 16 Silhouettes","mn":"","sr":1,"st":0,"op":900,"ip":0,"hd":false,"cl":"","ln":"","ddd":0,"bm":0,"tt":0,"hasMask":false,"td":0,"ao":0,"ks":{"a":{"a":0,"k":[5.931,5.931,0],"ix":1},"s":{"a":0,"k":[100,100,100],"ix":6},"sk":{"a":0,"k":0},"p":{"a":1,"k":[{"o":{"x":0.167,"y":0.167},"i":{"x":0.833,"y":0.833},"s":[303.1,217.458,0],"t":47},{"o":{"x":0.167,"y":0.167},"i":{"x":0.833,"y":0.833},"s":[300.1,217.458,0],"t":61}],"ix":2},"sa":{"a":0,"k":0},"o":{"a":0,"k":100,"ix":11},"r":{"a":0,"k":0,"ix":10}},"ef":[],"shapes":[{"ty":"gr","bm":0,"cl":"","ln":"","hd":false,"mn":"ADBE Vector Group","nm":"Groupe 1","ix":1,"cix":2,"np":2,"it":[{"ty":"sh","bm":0,"cl":"","ln":"","hd":false,"mn":"ADBE Vector Shape - Group","nm":"Tracé 1","ix":1,"d":1,"ks":{"a":0,"k":{"c":true,"i":[[0,-3.138],[3.137,0],[0,3.137],[-3.137,0]],"o":[[0,3.137],[-3.137,0],[0,-3.138],[3.137,0]],"v":[[5.681,0.001],[0,5.68],[-5.681,0.001],[0,-5.68]]},"ix":2}},{"ty":"fl","bm":0,"cl":"","ln":"","hd":false,"mn":"ADBE Vector Graphic - Fill","nm":"Fond 1","c":{"a":0,"k":[1,0.0078,0.0078],"ix":4},"r":1,"o":{"a":0,"k":100,"ix":5}},{"ty":"tr","a":{"a":0,"k":[0,0],"ix":1},"s":{"a":0,"k":[100,100],"ix":3},"sk":{"a":0,"k":0,"ix":4},"p":{"a":0,"k":[5.93,5.931],"ix":2},"r":{"a":0,"k":0,"ix":6},"sa":{"a":0,"k":0,"ix":5},"o":{"a":0,"k":100,"ix":7}}]}],"ind":10},{"ty":4,"nm":"Calque 17 Silhouettes","mn":"","sr":1,"st":0,"op":900,"ip":0,"hd":false,"cl":"","ln":"","ddd":0,"bm":0,"tt":0,"hasMask":false,"td":0,"ao":0,"ks":{"a":{"a":0,"k":[5.93,5.931,0],"ix":1},"s":{"a":0,"k":[100,100,100],"ix":6},"sk":{"a":0,"k":0},"p":{"a":1,"k":[{"o":{"x":0.167,"y":0.167},"i":{"x":0.833,"y":0.833},"s":[281.951,217.458,0],"t":47},{"o":{"x":0.167,"y":0.167},"i":{"x":0.833,"y":0.833},"s":[271.951,217.458,0],"t":61}],"ix":2},"sa":{"a":0,"k":0},"o":{"a":0,"k":100,"ix":11},"r":{"a":0,"k":0,"ix":10}},"ef":[],"shapes":[{"ty":"gr","bm":0,"cl":"","ln":"","hd":false,"mn":"ADBE Vector Group","nm":"Groupe 1","ix":1,"cix":2,"np":2,"it":[{"ty":"sh","bm":0,"cl":"","ln":"","hd":false,"mn":"ADBE Vector Shape - Group","nm":"Tracé 1","ix":1,"d":1,"ks":{"a":0,"k":{"c":true,"i":[[0,-3.138],[3.137,0],[0,3.137],[-3.137,0]],"o":[[0,3.137],[-3.137,0],[0,-3.138],[3.137,0]],"v":[[5.68,0.001],[0,5.68],[-5.68,0.001],[0,-5.68]]},"ix":2}},{"ty":"fl","bm":0,"cl":"","ln":"","hd":false,"mn":"ADBE Vector Graphic - Fill","nm":"Fond 1","c":{"a":0,"k":[1,0.0078,0.0078],"ix":4},"r":1,"o":{"a":0,"k":100,"ix":5}},{"ty":"tr","a":{"a":0,"k":[0,0],"ix":1},"s":{"a":0,"k":[100,100],"ix":3},"sk":{"a":0,"k":0,"ix":4},"p":{"a":0,"k":[5.93,5.931],"ix":2},"r":{"a":0,"k":0,"ix":6},"sa":{"a":0,"k":0,"ix":5},"o":{"a":0,"k":100,"ix":7}}]}],"ind":11},{"ty":4,"nm":"Calque 18 Silhouettes","mn":"","sr":1,"st":0,"op":900,"ip":0,"hd":false,"cl":"","ln":"","ddd":0,"bm":0,"tt":0,"hasMask":false,"td":0,"ao":0,"ks":{"a":{"a":0,"k":[5.381,13.976,0],"ix":1},"s":{"a":0,"k":[100,100,100],"ix":6},"sk":{"a":0,"k":0},"p":{"a":0,"k":[341.241,165.902,0],"ix":2},"sa":{"a":0,"k":0},"o":{"a":0,"k":100,"ix":11},"r":{"a":0,"k":0,"ix":10}},"ef":[],"shapes":[{"ty":"gr","bm":0,"cl":"","ln":"","hd":false,"mn":"ADBE Vector Group","nm":"Groupe 1","ix":1,"cix":2,"np":2,"it":[{"ty":"sh","bm":0,"cl":"","ln":"","hd":false,"mn":"ADBE Vector Shape - Group","nm":"Tracé 1","ix":1,"d":1,"ks":{"a":0,"k":{"c":true,"i":[[0,0],[0,0],[0,0],[-4.705,0],[-0.559,0.116],[0.437,3.652],[0.004,0.047],[0,0.001],[0.001,0.007],[0.001,0.002],[0,0.007],[0,0.002],[0.001,0.007],[0,0],[0.002,0.029],[0.001,0.001],[0,0.006],[0,0.002],[0,0.005],[0,0.003],[0,0.005],[0.001,0.003],[0,0.005],[0.001,0.003],[0,0.004],[0,0],[0,0],[0,0],[0,0.004],[0.001,0.004],[0.001,0.004],[0,0],[0,0.004],[0,0.003],[0,0],[0,0.005],[0,0.004],[0,0],[0,0.004],[0,0.005],[0.001,0.007],[0,0],[0,0.004],[0,0],[0,0.004],[0,0],[0,0.004],[0,0],[0,0.004],[0,0],[0,0],[0,0.006],[0,0],[0.001,0.007],[0,0],[0,0],[0.001,0.003],[0,0],[0,0],[0,0],[0,0],[0,0],[0,0.004],[0,0],[0,0],[0,0],[0,0],[0,0]],"o":[[0,0],[0,0],[0,4.704],[0.592,0],[-3.553,-0.734],[-0.005,-0.045],[-0.001,-0.001],[-0.001,-0.007],[0,-0.002],[0,-0.006],[-0.001,-0.001],[-0.001,-0.007],[0,0],[-0.003,-0.03],[0,-0.002],[0,-0.006],[0,-0.003],[0,-0.005],[0,-0.003],[0,-0.005],[0,-0.003],[0,-0.005],[0,-0.003],[0,-0.006],[0,0],[0,0],[0,0],[0,-0.005],[0,-0.005],[0,-0.005],[0,0],[-0.001,-0.004],[0,-0.005],[0,0],[-0.001,-0.005],[0,-0.004],[0,0],[-0.001,-0.004],[0,-0.004],[0,-0.006],[0,0],[-0.001,-0.003],[0,0],[-0.001,-0.004],[0,0],[-0.001,-0.004],[0,0],[0,-0.004],[0,0],[0,0],[-0.001,-0.005],[0,0],[0,-0.006],[0,0],[0,0],[0,-0.003],[0,0],[0,0],[0,0],[0,0],[0,0],[-0.001,-0.004],[0,0],[0,0],[0,0],[0,0],[0,0],[0,0]],"v":[[-1.672,-13.726],[-5.131,-13.726],[-5.131,5.194],[3.402,13.726],[5.131,13.55],[-1.611,6.214],[-1.626,6.077],[-1.627,6.073],[-1.629,6.053],[-1.63,6.048],[-1.631,6.029],[-1.632,6.024],[-1.634,6.004],[-1.634,6.002],[-1.642,5.914],[-1.643,5.909],[-1.644,5.891],[-1.645,5.883],[-1.646,5.867],[-1.647,5.858],[-1.648,5.842],[-1.649,5.833],[-1.65,5.817],[-1.651,5.808],[-1.651,5.793],[-1.651,5.784],[-1.654,5.752],[-1.654,5.744],[-1.655,5.73],[-1.656,5.718],[-1.657,5.705],[-1.657,5.692],[-1.658,5.679],[-1.659,5.667],[-1.659,5.654],[-1.66,5.64],[-1.661,5.628],[-1.661,5.615],[-1.662,5.602],[-1.663,5.588],[-1.664,5.568],[-1.664,5.552],[-1.665,5.541],[-1.665,5.527],[-1.666,5.515],[-1.666,5.501],[-1.667,5.489],[-1.667,5.475],[-1.668,5.463],[-1.668,5.449],[-1.668,5.437],[-1.669,5.421],[-1.669,5.412],[-1.67,5.392],[-1.67,5.381],[-1.67,5.361],[-1.671,5.351],[-1.671,5.335],[-1.671,5.325],[-1.671,5.308],[-1.671,5.298],[-1.671,5.283],[-1.672,5.272],[-1.672,5.256],[-1.672,5.246],[-1.672,5.228],[-1.672,5.22],[-1.672,5.194]]},"ix":2}},{"ty":"fl","bm":0,"cl":"","ln":"","hd":false,"mn":"ADBE Vector Graphic - Fill","nm":"Fond 1","c":{"a":0,"k":[1,0.0078,0.0078],"ix":4},"r":1,"o":{"a":0,"k":100,"ix":5}},{"ty":"tr","a":{"a":0,"k":[0,0],"ix":1},"s":{"a":0,"k":[100,100],"ix":3},"sk":{"a":0,"k":0,"ix":4},"p":{"a":0,"k":[5.381,13.976],"ix":2},"r":{"a":0,"k":0,"ix":6},"sa":{"a":0,"k":0,"ix":5},"o":{"a":0,"k":100,"ix":7}}]}],"ind":12},{"ty":4,"nm":"Calque 19 Silhouettes","mn":"","sr":1,"st":0,"op":900,"ip":0,"hd":false,"cl":"","ln":"","ddd":0,"bm":0,"tt":0,"hasMask":false,"td":0,"ao":0,"ks":{"a":{"a":0,"k":[5.381,13.976,0],"ix":1},"s":{"a":0,"k":[100,100,100],"ix":6},"sk":{"a":0,"k":0},"p":{"a":0,"k":[272.388,165.902,0],"ix":2},"sa":{"a":0,"k":0},"o":{"a":0,"k":100,"ix":11},"r":{"a":0,"k":0,"ix":10}},"ef":[],"shapes":[{"ty":"gr","bm":0,"cl":"","ln":"","hd":false,"mn":"ADBE Vector Group","nm":"Groupe 1","ix":1,"cix":2,"np":2,"it":[{"ty":"sh","bm":0,"cl":"","ln":"","hd":false,"mn":"ADBE Vector Shape - Group","nm":"Tracé 1","ix":1,"d":1,"ks":{"a":0,"k":{"c":true,"i":[[0,0],[0,0],[0,0],[-4.705,0],[-0.559,0.116],[0.582,3.468],[0.001,0.008],[0,0.001],[0.007,0.045],[0,0.001],[0.001,0.007],[0,0.001],[0.001,0.007],[0.001,0.001],[0.001,0.007],[0,0.001],[0,0],[0,0.001],[0.001,0.006],[0,0.002],[0.001,0.006],[0,0.002],[0.001,0.006],[0.001,0.001],[0.001,0.006],[0.001,0.002],[0.001,0.005],[0,0.002],[0.002,0.02],[0.001,0.003],[0,0],[0,0.003],[0,0],[0,0.004],[0,0.005],[0,0],[0,0.005],[0.001,0.004],[0.001,0.005],[0.001,0.004],[0.001,0.01],[0,0.004],[0.001,0.004],[0.001,0.004],[0.001,0.004],[0.001,0.004],[0.001,0.004],[0.001,0.005],[0.001,0.005],[0.001,0.005],[0.001,0.004],[0.001,0.004],[0,0.003],[0,0.004],[0,0.007],[0,0.006],[0,0.004],[0,0.005],[0.001,0.004],[0.001,0.004],[0,0.004],[0,0.003],[0.001,0.004],[0,0.004],[0,0.004],[0,0.005],[0,0.003],[0,0.005],[0,0.003],[0.001,0.007],[0,0.003],[0.001,0.006],[0,0.003],[0.001,0.004],[0,0.003],[0.001,0.005],[0,0],[0,0.006],[0,0.003],[0,0.006],[0,0],[0,0.008],[0,0],[0.001,0.008],[0,0],[0,0.005],[0,0],[0,0],[0,0.003],[0,0],[0,0],[0,0.005],[0,0],[0,0],[0,0],[0,0]],"o":[[0,0],[0,0],[0,4.704],[0.593,0],[-3.424,-0.708],[-0.001,-0.008],[-0.001,0],[-0.007,-0.045],[0,-0.001],[-0.001,-0.006],[-0.001,-0.001],[-0.001,-0.006],[0,-0.002],[0,-0.007],[0,0],[0,0],[0,-0.001],[-0.001,-0.006],[0,-0.002],[-0.001,-0.006],[0,-0.002],[-0.001,-0.006],[0,-0.002],[0,-0.006],[0,-0.002],[0,-0.006],[0,-0.002],[-0.002,-0.02],[0,-0.003],[0,0],[-0.001,-0.004],[0,0],[0,-0.003],[0,-0.004],[0,0],[-0.001,-0.004],[-0.001,-0.003],[0,-0.005],[0,-0.003],[-0.001,-0.01],[0,-0.003],[-0.001,-0.004],[0,-0.004],[0,-0.005],[0,-0.004],[0,-0.004],[0,-0.004],[0,-0.004],[0,-0.004],[0,-0.004],[0,-0.004],[0,-0.004],[0,-0.005],[0,-0.007],[-0.001,-0.005],[-0.001,-0.004],[0,-0.004],[0,-0.004],[0,-0.005],[0,-0.004],[-0.001,-0.004],[0,-0.005],[0,-0.005],[-0.001,-0.004],[0,-0.004],[0,-0.004],[-0.001,-0.007],[0,-0.004],[0,-0.008],[0,-0.003],[0,-0.006],[0,-0.003],[0,-0.005],[0,-0.004],[0,-0.005],[0,0],[0,-0.004],[-0.001,-0.003],[0,-0.006],[0,0],[-0.001,-0.008],[0,0],[0,-0.007],[0,0],[0,-0.006],[0,0],[0,0],[-0.001,-0.003],[0,0],[0,0],[0,-0.005],[0,0],[0,0],[0,0],[0,0],[0,0]],"v":[[-1.672,-13.726],[-5.13,-13.726],[-5.13,5.194],[3.401,13.726],[5.13,13.55],[-1.556,6.609],[-1.559,6.586],[-1.56,6.585],[-1.581,6.45],[-1.581,6.446],[-1.583,6.426],[-1.585,6.422],[-1.587,6.403],[-1.589,6.398],[-1.591,6.378],[-1.591,6.376],[-1.603,6.288],[-1.604,6.284],[-1.605,6.266],[-1.607,6.259],[-1.608,6.242],[-1.609,6.235],[-1.612,6.217],[-1.612,6.211],[-1.615,6.193],[-1.616,6.186],[-1.617,6.169],[-1.617,6.164],[-1.625,6.105],[-1.625,6.096],[-1.626,6.082],[-1.628,6.071],[-1.629,6.056],[-1.63,6.045],[-1.632,6.032],[-1.633,6.02],[-1.634,6.006],[-1.635,5.996],[-1.637,5.981],[-1.638,5.971],[-1.641,5.941],[-1.641,5.932],[-1.642,5.919],[-1.643,5.908],[-1.645,5.894],[-1.646,5.882],[-1.647,5.869],[-1.647,5.856],[-1.648,5.843],[-1.65,5.831],[-1.651,5.818],[-1.651,5.805],[-1.651,5.793],[-1.652,5.779],[-1.654,5.759],[-1.655,5.743],[-1.655,5.731],[-1.656,5.717],[-1.658,5.706],[-1.659,5.692],[-1.659,5.679],[-1.66,5.667],[-1.66,5.654],[-1.66,5.64],[-1.661,5.628],[-1.663,5.614],[-1.663,5.603],[-1.664,5.585],[-1.664,5.575],[-1.665,5.552],[-1.665,5.543],[-1.667,5.526],[-1.667,5.516],[-1.668,5.501],[-1.668,5.49],[-1.668,5.474],[-1.668,5.463],[-1.668,5.448],[-1.669,5.438],[-1.669,5.42],[-1.669,5.413],[-1.671,5.389],[-1.671,5.384],[-1.672,5.361],[-1.672,5.352],[-1.672,5.335],[-1.672,5.325],[-1.672,5.308],[-1.672,5.298],[-1.672,5.283],[-1.672,5.272],[-1.672,5.256],[-1.672,5.246],[-1.672,5.228],[-1.672,5.22],[-1.672,5.194]]},"ix":2}},{"ty":"fl","bm":0,"cl":"","ln":"","hd":false,"mn":"ADBE Vector Graphic - Fill","nm":"Fond 1","c":{"a":0,"k":[1,0.0078,0.0078],"ix":4},"r":1,"o":{"a":0,"k":100,"ix":5}},{"ty":"tr","a":{"a":0,"k":[0,0],"ix":1},"s":{"a":0,"k":[100,100],"ix":3},"sk":{"a":0,"k":0,"ix":4},"p":{"a":0,"k":[5.38,13.976],"ix":2},"r":{"a":0,"k":0,"ix":6},"sa":{"a":0,"k":0,"ix":5},"o":{"a":0,"k":100,"ix":7}}]}],"ind":13},{"ty":4,"nm":"Calque 20 Silhouettes","mn":"","sr":1,"st":0,"op":900,"ip":0,"hd":false,"cl":"","ln":"","ddd":0,"bm":0,"tt":0,"hasMask":false,"td":0,"ao":0,"ks":{"a":{"a":0,"k":[68.017,18.516,0],"ix":1},"s":{"a":0,"k":[100,100,100],"ix":6},"sk":{"a":0,"k":0},"p":{"a":0,"k":[313.675,170.441,0],"ix":2},"sa":{"a":0,"k":0},"o":{"a":0,"k":100,"ix":11},"r":{"a":0,"k":0,"ix":10}},"ef":[],"shapes":[{"ty":"gr","bm":0,"cl":"","ln":"","hd":false,"mn":"ADBE Vector Group","nm":"Groupe 1","ix":1,"cix":2,"np":2,"it":[{"ty":"sh","bm":0,"cl":"","ln":"","hd":false,"mn":"ADBE Vector Shape - Group","nm":"Tracé 1","ix":1,"d":1,"ks":{"a":1,"k":[{"o":{"x":0.167,"y":0.167},"i":{"x":0.833,"y":0.833},"s":[{"c":true,"i":[[8.14,0],[0,0],[0,0],[4.705,0],[0,4.704],[0,0],[0,0],[0,0],[4.705,0],[0,4.704],[0,0],[0,0],[0,-8.14],[0,0],[0,0],[0,0]],"o":[[0,0],[0,0],[0,4.704],[-4.705,0],[0,0],[0,0],[0,0],[0,4.704],[-4.705,0],[0,0],[0,0],[-8.139,0],[0,0],[0,0],[0,0],[0,-8.14]],"v":[[52.968,-18.266],[42.959,-18.266],[42.959,0.655],[34.426,9.187],[25.894,0.655],[25.894,-18.266],[-25.894,-18.266],[-25.894,0.655],[-34.426,9.187],[-42.959,0.655],[-42.959,-18.266],[-52.967,-18.266],[-67.766,-3.465],[-67.766,18.266],[67.766,18.266],[67.766,-3.465]]}],"t":47},{"o":{"x":0.167,"y":0.167},"i":{"x":0.833,"y":0.833},"s":[{"c":true,"i":[[8.14,0],[0,0],[0,0],[4.705,0],[0,4.704],[0,0],[0,0],[0,0],[4.705,0],[0,4.704],[0,0],[0,0],[0,-8.14],[0,0],[0,0],[0,0]],"o":[[0,0],[0,0],[0,4.704],[-4.705,0],[0,0],[0,0],[0,0],[0,4.704],[-4.705,0],[0,0],[0,0],[-8.139,0],[0,0],[0,0],[0,0],[0,-8.14]],"v":[[52.968,-18.266],[42.959,-18.266],[42.959,0.655],[34.426,9.187],[25.894,0.655],[25.894,-18.266],[-25.894,-18.266],[-25.894,0.655],[-34.426,9.187],[-42.959,0.655],[-42.959,-18.266],[-52.967,-18.266],[-67.766,-3.465],[-73.766,19.766],[75.266,21.266],[67.766,-3.465]]}],"t":61}],"ix":2}},{"ty":"fl","bm":0,"cl":"","ln":"","hd":false,"mn":"ADBE Vector Graphic - Fill","nm":"Fond 1","c":{"a":0,"k":[1,0.0078,0.0078],"ix":4},"r":1,"o":{"a":0,"k":100,"ix":5}},{"ty":"tr","a":{"a":0,"k":[0,0],"ix":1},"s":{"a":0,"k":[100,100],"ix":3},"sk":{"a":0,"k":0,"ix":4},"p":{"a":0,"k":[68.016,18.516],"ix":2},"r":{"a":0,"k":0,"ix":6},"sa":{"a":0,"k":0,"ix":5},"o":{"a":0,"k":100,"ix":7}}]}],"ind":14},{"ty":4,"nm":"top Silhouettes","mn":"","sr":1,"st":0,"op":900,"ip":0,"hd":false,"cl":"","ln":"","ddd":0,"bm":0,"tt":0,"hasMask":false,"td":0,"ao":0,"ks":{"a":{"a":0,"k":[68.017,68.017,0],"ix":1},"s":{"a":0,"k":[100,100,100],"ix":6},"sk":{"a":0,"k":0},"p":{"a":0,"k":[313.675,219.942,0],"ix":2},"sa":{"a":0,"k":0},"o":{"a":0,"k":100,"ix":11},"r":{"a":0,"k":0,"ix":10}},"ef":[],"shapes":[{"ty":"gr","bm":0,"cl":"","ln":"","hd":false,"mn":"ADBE Vector Group","nm":"Groupe 1","ix":1,"cix":2,"np":2,"it":[{"ty":"sh","bm":0,"cl":"","ln":"","hd":false,"mn":"ADBE Vector Shape - Group","nm":"Tracé 1","ix":1,"d":1,"ks":{"a":1,"k":[{"o":{"x":0.167,"y":0.167},"i":{"x":0.833,"y":0.833},"s":[{"c":true,"i":[[8.14,0],[0,0],[0,0],[4.705,0],[0,4.705],[0,0],[0,0],[0,0],[4.705,0],[0,4.705],[0,0],[0,0],[0,-8.14],[0,0],[-8.139,0],[0,0],[0,8.14],[0,0]],"o":[[0,0],[0,0],[0,4.705],[-4.705,0],[0,0],[0,0],[0,0],[0,4.705],[-4.705,0],[0,0],[0,0],[-8.139,0],[0,0],[0,8.14],[0,0],[8.14,0],[0,0],[0,-8.14]],"v":[[52.968,-67.767],[42.959,-67.767],[42.959,-48.413],[34.426,-39.882],[25.894,-48.413],[25.894,-67.767],[-25.894,-67.767],[-25.894,-48.413],[-34.426,-39.882],[-42.959,-48.413],[-42.959,-67.767],[-52.967,-67.767],[-67.766,-52.967],[-67.766,52.967],[-52.967,67.767],[52.968,67.767],[67.766,52.967],[67.766,-52.967]]}],"t":47},{"o":{"x":0.167,"y":0.167},"i":{"x":0.833,"y":0.833},"s":[{"c":true,"i":[[8.14,0],[0,0],[0,0],[4.705,0],[0,4.705],[0,0],[0,0],[0,0],[4.705,0],[0,4.705],[0,0],[0,0],[0,-8.14],[0,0],[-8.139,0],[0,0],[0,8.14],[0,0]],"o":[[0,0],[0,0],[0,4.705],[-4.705,0],[0,0],[0,0],[0,0],[0,4.705],[-4.705,0],[0,0],[0,0],[-8.139,0],[0,0],[0,8.14],[0,0],[8.14,0],[0,0],[0,-8.14]],"v":[[52.968,-67.767],[42.96,-67.767],[42.96,-48.413],[34.426,-39.882],[25.894,-48.413],[25.894,-67.767],[-25.893,-67.767],[-25.893,-48.413],[-34.427,-39.882],[-42.96,-48.413],[-42.96,-67.767],[-52.967,-67.767],[-67.766,-52.967],[-93.766,51.966],[-80.967,65.267],[89.968,67.267],[98.266,53.967],[67.766,-52.967]]}],"t":61}],"ix":2}},{"ty":"fl","bm":0,"cl":"","ln":"","hd":false,"mn":"ADBE Vector Graphic - Fill","nm":"Fond 1","c":{"a":0,"k":[1,1,1],"ix":4},"r":1,"o":{"a":0,"k":100,"ix":5}},{"ty":"tr","a":{"a":0,"k":[0,0],"ix":1},"s":{"a":0,"k":[100,100],"ix":3},"sk":{"a":0,"k":0,"ix":4},"p":{"a":0,"k":[68.016,68.017],"ix":2},"r":{"a":0,"k":0,"ix":6},"sa":{"a":0,"k":0,"ix":5},"o":{"a":0,"k":100,"ix":7}}]}],"ind":15}],"id":"comp_2","fr":30},{"nm":"","mn":"","layers":[{"ty":4,"nm":"Calque 98 Silhouettes","mn":"","sr":1,"st":0,"op":900,"ip":0,"hd":false,"cl":"","ln":"","ddd":0,"bm":0,"tt":0,"hasMask":false,"td":0,"ao":0,"ks":{"a":{"a":0,"k":[1.979,7.295,0],"ix":1},"s":{"a":0,"k":[100,100,100],"ix":6},"sk":{"a":0,"k":0},"p":{"a":0,"k":[282.239,155.275,0],"ix":2},"sa":{"a":0,"k":0},"o":{"a":0,"k":100,"ix":11},"r":{"a":0,"k":0,"ix":10}},"ef":[],"shapes":[{"ty":"gr","bm":0,"cl":"","ln":"","hd":false,"mn":"ADBE Vector Group","nm":"Groupe 1","ix":1,"cix":2,"np":2,"it":[{"ty":"sh","bm":0,"cl":"","ln":"","hd":false,"mn":"ADBE Vector Shape - Group","nm":"Tracé 1","ix":1,"d":1,"ks":{"a":0,"k":{"c":true,"i":[[0.951,0],[0,0],[0,0.951],[0,0],[-0.951,0],[0,-0.951],[0,0]],"o":[[0,0],[-0.951,0],[0,0],[0,-0.951],[0.951,0],[0,0],[0,0.951]],"v":[[0,7.044],[0,7.044],[-1.729,5.316],[-1.729,-5.315],[0,-7.044],[1.729,-5.315],[1.729,5.316]]},"ix":2}},{"ty":"fl","bm":0,"cl":"","ln":"","hd":false,"mn":"ADBE Vector Graphic - Fill","nm":"Fond 1","c":{"a":0,"k":[1,1,1],"ix":4},"r":1,"o":{"a":0,"k":100,"ix":5}},{"ty":"tr","a":{"a":0,"k":[0,0],"ix":1},"s":{"a":0,"k":[100,100],"ix":3},"sk":{"a":0,"k":0,"ix":4},"p":{"a":0,"k":[1.979,7.295],"ix":2},"r":{"a":0,"k":0,"ix":6},"sa":{"a":0,"k":0,"ix":5},"o":{"a":0,"k":100,"ix":7}}]}],"ind":0},{"ty":4,"nm":"Calque 99 Silhouettes","mn":"","sr":1,"st":0,"op":900,"ip":0,"hd":false,"cl":"","ln":"","ddd":0,"bm":0,"tt":0,"hasMask":false,"td":0,"ao":0,"ks":{"a":{"a":0,"k":[1.979,4.032,0],"ix":1},"s":{"a":0,"k":[100,100,100],"ix":6},"sk":{"a":0,"k":0},"p":{"a":0,"k":[282.239,140.056,0],"ix":2},"sa":{"a":0,"k":0},"o":{"a":0,"k":100,"ix":11},"r":{"a":0,"k":0,"ix":10}},"ef":[],"shapes":[{"ty":"gr","bm":0,"cl":"","ln":"","hd":false,"mn":"ADBE Vector Group","nm":"Groupe 1","ix":1,"cix":2,"np":2,"it":[{"ty":"sh","bm":0,"cl":"","ln":"","hd":false,"mn":"ADBE Vector Shape - Group","nm":"Tracé 1","ix":1,"d":1,"ks":{"a":0,"k":{"c":true,"i":[[0.951,0],[0,0],[0,0.951],[0,0],[-0.951,0],[0,-0.952],[0,0]],"o":[[0,0],[-0.951,0],[0,0],[0,-0.952],[0.951,0],[0,0],[0,0.951]],"v":[[0,3.783],[0,3.783],[-1.729,2.054],[-1.729,-2.054],[0,-3.783],[1.729,-2.054],[1.729,2.054]]},"ix":2}},{"ty":"fl","bm":0,"cl":"","ln":"","hd":false,"mn":"ADBE Vector Graphic - Fill","nm":"Fond 1","c":{"a":0,"k":[1,1,1],"ix":4},"r":1,"o":{"a":0,"k":100,"ix":5}},{"ty":"tr","a":{"a":0,"k":[0,0],"ix":1},"s":{"a":0,"k":[100,100],"ix":3},"sk":{"a":0,"k":0,"ix":4},"p":{"a":0,"k":[1.979,4.032],"ix":2},"r":{"a":0,"k":0,"ix":6},"sa":{"a":0,"k":0,"ix":5},"o":{"a":0,"k":100,"ix":7}}]}],"ind":1},{"ty":4,"nm":"Calque 100 Silhouettes","mn":"","sr":1,"st":0,"op":900,"ip":0,"hd":false,"cl":"","ln":"","ddd":0,"bm":0,"tt":0,"hasMask":false,"td":0,"ao":0,"ks":{"a":{"a":0,"k":[1.979,7.295,0],"ix":1},"s":{"a":0,"k":[100,100,100],"ix":6},"sk":{"a":0,"k":0},"p":{"a":0,"k":[351.395,155.275,0],"ix":2},"sa":{"a":0,"k":0},"o":{"a":0,"k":100,"ix":11},"r":{"a":0,"k":0,"ix":10}},"ef":[],"shapes":[{"ty":"gr","bm":0,"cl":"","ln":"","hd":false,"mn":"ADBE Vector Group","nm":"Groupe 1","ix":1,"cix":2,"np":2,"it":[{"ty":"sh","bm":0,"cl":"","ln":"","hd":false,"mn":"ADBE Vector Shape - Group","nm":"Tracé 1","ix":1,"d":1,"ks":{"a":0,"k":{"c":true,"i":[[0.951,0],[0,0],[0,0.951],[0,0],[-0.951,0],[0,-0.951],[0,0]],"o":[[0,0],[-0.951,0],[0,0],[0,-0.951],[0.951,0],[0,0],[0,0.951]],"v":[[0,7.044],[0,7.044],[-1.729,5.316],[-1.729,-5.315],[0,-7.044],[1.729,-5.315],[1.729,5.316]]},"ix":2}},{"ty":"fl","bm":0,"cl":"","ln":"","hd":false,"mn":"ADBE Vector Graphic - Fill","nm":"Fond 1","c":{"a":0,"k":[1,1,1],"ix":4},"r":1,"o":{"a":0,"k":100,"ix":5}},{"ty":"tr","a":{"a":0,"k":[0,0],"ix":1},"s":{"a":0,"k":[100,100],"ix":3},"sk":{"a":0,"k":0,"ix":4},"p":{"a":0,"k":[1.979,7.295],"ix":2},"r":{"a":0,"k":0,"ix":6},"sa":{"a":0,"k":0,"ix":5},"o":{"a":0,"k":100,"ix":7}}]}],"ind":2},{"ty":4,"nm":"Calque 101 Silhouettes","mn":"","sr":1,"st":0,"op":900,"ip":0,"hd":false,"cl":"","ln":"","ddd":0,"bm":0,"tt":0,"hasMask":false,"td":0,"ao":0,"ks":{"a":{"a":0,"k":[1.979,4.032,0],"ix":1},"s":{"a":0,"k":[100,100,100],"ix":6},"sk":{"a":0,"k":0},"p":{"a":0,"k":[351.395,140.056,0],"ix":2},"sa":{"a":0,"k":0},"o":{"a":0,"k":100,"ix":11},"r":{"a":0,"k":0,"ix":10}},"ef":[],"shapes":[{"ty":"gr","bm":0,"cl":"","ln":"","hd":false,"mn":"ADBE Vector Group","nm":"Groupe 1","ix":1,"cix":2,"np":2,"it":[{"ty":"sh","bm":0,"cl":"","ln":"","hd":false,"mn":"ADBE Vector Shape - Group","nm":"Tracé 1","ix":1,"d":1,"ks":{"a":0,"k":{"c":true,"i":[[0.951,0],[0,0],[0,0.951],[0,0],[-0.951,0],[0,-0.952],[0,0]],"o":[[0,0],[-0.951,0],[0,0],[0,-0.952],[0.951,0],[0,0],[0,0.951]],"v":[[0,3.783],[0,3.783],[-1.729,2.054],[-1.729,-2.054],[0,-3.783],[1.729,-2.054],[1.729,2.054]]},"ix":2}},{"ty":"fl","bm":0,"cl":"","ln":"","hd":false,"mn":"ADBE Vector Graphic - Fill","nm":"Fond 1","c":{"a":0,"k":[1,1,1],"ix":4},"r":1,"o":{"a":0,"k":100,"ix":5}},{"ty":"tr","a":{"a":0,"k":[0,0],"ix":1},"s":{"a":0,"k":[100,100],"ix":3},"sk":{"a":0,"k":0,"ix":4},"p":{"a":0,"k":[1.979,4.032],"ix":2},"r":{"a":0,"k":0,"ix":6},"sa":{"a":0,"k":0,"ix":5},"o":{"a":0,"k":100,"ix":7}}]}],"ind":3},{"ty":4,"nm":"Calque 102 Silhouettes","mn":"","sr":1,"st":0,"op":900,"ip":0,"hd":false,"cl":"","ln":"","ddd":0,"bm":0,"tt":0,"hasMask":false,"td":0,"ao":0,"ks":{"a":{"a":0,"k":[7.881,20.839,0],"ix":1},"s":{"a":0,"k":[100,100,100],"ix":6},"sk":{"a":0,"k":0},"p":{"a":0,"k":[348.318,150.849,0],"ix":2},"sa":{"a":0,"k":0},"o":{"a":0,"k":100,"ix":11},"r":{"a":0,"k":0,"ix":10}},"ef":[],"shapes":[{"ty":"gr","bm":0,"cl":"","ln":"","hd":false,"mn":"ADBE Vector Group","nm":"Groupe 1","ix":1,"cix":2,"np":2,"it":[{"ty":"sh","bm":0,"cl":"","ln":"","hd":false,"mn":"ADBE Vector Shape - Group","nm":"Tracé 1","ix":1,"d":1,"ks":{"a":0,"k":{"c":true,"i":[[4.208,0],[0,-4.208],[0,0],[-4.208,0],[0,4.208],[0,0]],"o":[[-4.208,0],[0,0],[0,4.208],[4.208,0],[0,0],[0,-4.208]],"v":[[0,-20.589],[-7.631,-12.957],[-7.631,12.958],[0,20.589],[7.631,12.958],[7.631,-12.957]]},"ix":2}},{"ty":"fl","bm":0,"cl":"","ln":"","hd":false,"mn":"ADBE Vector Graphic - Fill","nm":"Fond 1","c":{"a":0,"k":[0.9176,0.9176,0.9176],"ix":4},"r":1,"o":{"a":0,"k":100,"ix":5}},{"ty":"tr","a":{"a":0,"k":[0,0],"ix":1},"s":{"a":0,"k":[100,100],"ix":3},"sk":{"a":0,"k":0,"ix":4},"p":{"a":0,"k":[7.881,20.839],"ix":2},"r":{"a":0,"k":0,"ix":6},"sa":{"a":0,"k":0,"ix":5},"o":{"a":0,"k":100,"ix":7}}]}],"ind":4},{"ty":4,"nm":"Calque 103 Silhouettes","mn":"","sr":1,"st":0,"op":900,"ip":0,"hd":false,"cl":"","ln":"","ddd":0,"bm":0,"tt":0,"hasMask":false,"td":0,"ao":0,"ks":{"a":{"a":0,"k":[7.881,20.839,0],"ix":1},"s":{"a":0,"k":[100,100,100],"ix":6},"sk":{"a":0,"k":0},"p":{"a":0,"k":[279.248,150.589,0],"ix":2},"sa":{"a":0,"k":0},"o":{"a":0,"k":100,"ix":11},"r":{"a":0,"k":0,"ix":10}},"ef":[],"shapes":[{"ty":"gr","bm":0,"cl":"","ln":"","hd":false,"mn":"ADBE Vector Group","nm":"Groupe 1","ix":1,"cix":2,"np":2,"it":[{"ty":"sh","bm":0,"cl":"","ln":"","hd":false,"mn":"ADBE Vector Shape - Group","nm":"Tracé 1","ix":1,"d":1,"ks":{"a":0,"k":{"c":true,"i":[[4.208,0],[0,-4.208],[0,0],[-4.208,0],[0,4.208],[0,0]],"o":[[-4.208,0],[0,0],[0,4.208],[4.208,0],[0,0],[0,-4.208]],"v":[[0,-20.589],[-7.631,-12.958],[-7.631,12.957],[0,20.589],[7.631,12.957],[7.631,-12.958]]},"ix":2}},{"ty":"fl","bm":0,"cl":"","ln":"","hd":false,"mn":"ADBE Vector Graphic - Fill","nm":"Fond 1","c":{"a":0,"k":[0.9176,0.9176,0.9176],"ix":4},"r":1,"o":{"a":0,"k":100,"ix":5}},{"ty":"tr","a":{"a":0,"k":[0,0],"ix":1},"s":{"a":0,"k":[100,100],"ix":3},"sk":{"a":0,"k":0,"ix":4},"p":{"a":0,"k":[7.881,20.839],"ix":2},"r":{"a":0,"k":0,"ix":6},"sa":{"a":0,"k":0,"ix":5},"o":{"a":0,"k":100,"ix":7}}]}],"ind":5},{"ty":4,"nm":"Calque 104 Silhouettes","mn":"","sr":1,"st":0,"op":900,"ip":0,"hd":false,"cl":"","ln":"","ddd":0,"bm":0,"tt":0,"hasMask":false,"td":0,"ao":0,"ks":{"a":{"a":0,"k":[5.93,5.931,0],"ix":1},"s":{"a":0,"k":[100,100,100],"ix":6},"sk":{"a":0,"k":0},"p":{"a":0,"k":[345.4,256.899,0],"ix":2},"sa":{"a":0,"k":0},"o":{"a":0,"k":100,"ix":11},"r":{"a":0,"k":0,"ix":10}},"ef":[],"shapes":[{"ty":"gr","bm":0,"cl":"","ln":"","hd":false,"mn":"ADBE Vector Group","nm":"Groupe 1","ix":1,"cix":2,"np":2,"it":[{"ty":"sh","bm":0,"cl":"","ln":"","hd":false,"mn":"ADBE Vector Shape - Group","nm":"Tracé 1","ix":1,"d":1,"ks":{"a":0,"k":{"c":true,"i":[[0,-3.137],[3.138,0],[0,3.138],[-3.136,0]],"o":[[0,3.138],[-3.136,0],[0,-3.137],[3.138,0]],"v":[[5.68,-0.001],[-0.001,5.68],[-5.68,-0.001],[-0.001,-5.68]]},"ix":2}},{"ty":"fl","bm":0,"cl":"","ln":"","hd":false,"mn":"ADBE Vector Graphic - Fill","nm":"Fond 1","c":{"a":0,"k":[1,0.0078,0.0078],"ix":4},"r":1,"o":{"a":0,"k":100,"ix":5}},{"ty":"tr","a":{"a":0,"k":[0,0],"ix":1},"s":{"a":0,"k":[100,100],"ix":3},"sk":{"a":0,"k":0,"ix":4},"p":{"a":0,"k":[5.93,5.931],"ix":2},"r":{"a":0,"k":0,"ix":6},"sa":{"a":0,"k":0,"ix":5},"o":{"a":0,"k":100,"ix":7}}]}],"ind":6},{"ty":4,"nm":"Calque 18 Silhouettes","mn":"","sr":1,"st":0,"op":900,"ip":0,"hd":false,"cl":"","ln":"","ddd":0,"bm":0,"tt":0,"hasMask":false,"td":0,"ao":0,"ks":{"a":{"a":0,"k":[5.381,13.976,0],"ix":1},"s":{"a":0,"k":[100,100,100],"ix":6},"sk":{"a":0,"k":0},"p":{"a":0,"k":[341.241,165.902,0],"ix":2},"sa":{"a":0,"k":0},"o":{"a":0,"k":100,"ix":11},"r":{"a":0,"k":0,"ix":10}},"ef":[],"shapes":[{"ty":"gr","bm":0,"cl":"","ln":"","hd":false,"mn":"ADBE Vector Group","nm":"Groupe 1","ix":1,"cix":2,"np":2,"it":[{"ty":"sh","bm":0,"cl":"","ln":"","hd":false,"mn":"ADBE Vector Shape - Group","nm":"Tracé 1","ix":1,"d":1,"ks":{"a":0,"k":{"c":true,"i":[[0,0],[0,0],[0,0],[-4.705,0],[-0.559,0.116],[0.437,3.652],[0.004,0.047],[0,0.001],[0.001,0.007],[0.001,0.002],[0,0.007],[0,0.002],[0.001,0.007],[0,0],[0.002,0.029],[0.001,0.001],[0,0.006],[0,0.002],[0,0.005],[0,0.003],[0,0.005],[0.001,0.003],[0,0.005],[0.001,0.003],[0,0.004],[0,0],[0,0],[0,0],[0,0.004],[0.001,0.004],[0.001,0.004],[0,0],[0,0.004],[0,0.003],[0,0],[0,0.005],[0,0.004],[0,0],[0,0.004],[0,0.005],[0.001,0.007],[0,0],[0,0.004],[0,0],[0,0.004],[0,0],[0,0.004],[0,0],[0,0.004],[0,0],[0,0],[0,0.006],[0,0],[0.001,0.007],[0,0],[0,0],[0.001,0.003],[0,0],[0,0],[0,0],[0,0],[0,0],[0,0.004],[0,0],[0,0],[0,0],[0,0],[0,0]],"o":[[0,0],[0,0],[0,4.704],[0.592,0],[-3.553,-0.734],[-0.005,-0.045],[-0.001,-0.001],[-0.001,-0.007],[0,-0.002],[0,-0.006],[-0.001,-0.001],[-0.001,-0.007],[0,0],[-0.003,-0.03],[0,-0.002],[0,-0.006],[0,-0.003],[0,-0.005],[0,-0.003],[0,-0.005],[0,-0.003],[0,-0.005],[0,-0.003],[0,-0.006],[0,0],[0,0],[0,0],[0,-0.005],[0,-0.005],[0,-0.005],[0,0],[-0.001,-0.004],[0,-0.005],[0,0],[-0.001,-0.005],[0,-0.004],[0,0],[-0.001,-0.004],[0,-0.004],[0,-0.006],[0,0],[-0.001,-0.003],[0,0],[-0.001,-0.004],[0,0],[-0.001,-0.004],[0,0],[0,-0.004],[0,0],[0,0],[-0.001,-0.005],[0,0],[0,-0.006],[0,0],[0,0],[0,-0.003],[0,0],[0,0],[0,0],[0,0],[0,0],[-0.001,-0.004],[0,0],[0,0],[0,0],[0,0],[0,0],[0,0]],"v":[[-1.672,-13.726],[-5.131,-13.726],[-5.131,5.194],[3.402,13.726],[5.131,13.55],[-1.611,6.214],[-1.626,6.077],[-1.627,6.073],[-1.629,6.053],[-1.63,6.048],[-1.631,6.029],[-1.632,6.024],[-1.634,6.004],[-1.634,6.002],[-1.642,5.914],[-1.643,5.909],[-1.644,5.891],[-1.645,5.883],[-1.646,5.867],[-1.647,5.858],[-1.648,5.842],[-1.649,5.833],[-1.65,5.817],[-1.651,5.808],[-1.651,5.793],[-1.651,5.784],[-1.654,5.752],[-1.654,5.744],[-1.655,5.73],[-1.656,5.718],[-1.657,5.705],[-1.657,5.692],[-1.658,5.679],[-1.659,5.667],[-1.659,5.654],[-1.66,5.64],[-1.661,5.628],[-1.661,5.615],[-1.662,5.602],[-1.663,5.588],[-1.664,5.568],[-1.664,5.552],[-1.665,5.541],[-1.665,5.527],[-1.666,5.515],[-1.666,5.501],[-1.667,5.489],[-1.667,5.475],[-1.668,5.463],[-1.668,5.449],[-1.668,5.437],[-1.669,5.421],[-1.669,5.412],[-1.67,5.392],[-1.67,5.381],[-1.67,5.361],[-1.671,5.351],[-1.671,5.335],[-1.671,5.325],[-1.671,5.308],[-1.671,5.298],[-1.671,5.283],[-1.672,5.272],[-1.672,5.256],[-1.672,5.246],[-1.672,5.228],[-1.672,5.22],[-1.672,5.194]]},"ix":2}},{"ty":"fl","bm":0,"cl":"","ln":"","hd":false,"mn":"ADBE Vector Graphic - Fill","nm":"Fond 1","c":{"a":0,"k":[1,0.0078,0.0078],"ix":4},"r":1,"o":{"a":0,"k":100,"ix":5}},{"ty":"tr","a":{"a":0,"k":[0,0],"ix":1},"s":{"a":0,"k":[100,100],"ix":3},"sk":{"a":0,"k":0,"ix":4},"p":{"a":0,"k":[5.381,13.976],"ix":2},"r":{"a":0,"k":0,"ix":6},"sa":{"a":0,"k":0,"ix":5},"o":{"a":0,"k":100,"ix":7}}]}],"ind":7},{"ty":4,"nm":"Calque 19 Silhouettes","mn":"","sr":1,"st":0,"op":900,"ip":0,"hd":false,"cl":"","ln":"","ddd":0,"bm":0,"tt":0,"hasMask":false,"td":0,"ao":0,"ks":{"a":{"a":0,"k":[5.381,13.976,0],"ix":1},"s":{"a":0,"k":[100,100,100],"ix":6},"sk":{"a":0,"k":0},"p":{"a":0,"k":[272.388,165.902,0],"ix":2},"sa":{"a":0,"k":0},"o":{"a":0,"k":100,"ix":11},"r":{"a":0,"k":0,"ix":10}},"ef":[],"shapes":[{"ty":"gr","bm":0,"cl":"","ln":"","hd":false,"mn":"ADBE Vector Group","nm":"Groupe 1","ix":1,"cix":2,"np":2,"it":[{"ty":"sh","bm":0,"cl":"","ln":"","hd":false,"mn":"ADBE Vector Shape - Group","nm":"Tracé 1","ix":1,"d":1,"ks":{"a":0,"k":{"c":true,"i":[[0,0],[0,0],[0,0],[-4.705,0],[-0.559,0.116],[0.582,3.468],[0.001,0.008],[0,0.001],[0.007,0.045],[0,0.001],[0.001,0.007],[0,0.001],[0.001,0.007],[0.001,0.001],[0.001,0.007],[0,0.001],[0,0],[0,0.001],[0.001,0.006],[0,0.002],[0.001,0.006],[0,0.002],[0.001,0.006],[0.001,0.001],[0.001,0.006],[0.001,0.002],[0.001,0.005],[0,0.002],[0.002,0.02],[0.001,0.003],[0,0],[0,0.003],[0,0],[0,0.004],[0,0.005],[0,0],[0,0.005],[0.001,0.004],[0.001,0.005],[0.001,0.004],[0.001,0.01],[0,0.004],[0.001,0.004],[0.001,0.004],[0.001,0.004],[0.001,0.004],[0.001,0.004],[0.001,0.005],[0.001,0.005],[0.001,0.005],[0.001,0.004],[0.001,0.004],[0,0.003],[0,0.004],[0,0.007],[0,0.006],[0,0.004],[0,0.005],[0.001,0.004],[0.001,0.004],[0,0.004],[0,0.003],[0.001,0.004],[0,0.004],[0,0.004],[0,0.005],[0,0.003],[0,0.005],[0,0.003],[0.001,0.007],[0,0.003],[0.001,0.006],[0,0.003],[0.001,0.004],[0,0.003],[0.001,0.005],[0,0],[0,0.006],[0,0.003],[0,0.006],[0,0],[0,0.008],[0,0],[0.001,0.008],[0,0],[0,0.005],[0,0],[0,0],[0,0.003],[0,0],[0,0],[0,0.005],[0,0],[0,0],[0,0],[0,0]],"o":[[0,0],[0,0],[0,4.704],[0.593,0],[-3.424,-0.708],[-0.001,-0.008],[-0.001,0],[-0.007,-0.045],[0,-0.001],[-0.001,-0.006],[-0.001,-0.001],[-0.001,-0.006],[0,-0.002],[0,-0.007],[0,0],[0,0],[0,-0.001],[-0.001,-0.006],[0,-0.002],[-0.001,-0.006],[0,-0.002],[-0.001,-0.006],[0,-0.002],[0,-0.006],[0,-0.002],[0,-0.006],[0,-0.002],[-0.002,-0.02],[0,-0.003],[0,0],[-0.001,-0.004],[0,0],[0,-0.003],[0,-0.004],[0,0],[-0.001,-0.004],[-0.001,-0.003],[0,-0.005],[0,-0.003],[-0.001,-0.01],[0,-0.003],[-0.001,-0.004],[0,-0.004],[0,-0.005],[0,-0.004],[0,-0.004],[0,-0.004],[0,-0.004],[0,-0.004],[0,-0.004],[0,-0.004],[0,-0.004],[0,-0.005],[0,-0.007],[-0.001,-0.005],[-0.001,-0.004],[0,-0.004],[0,-0.004],[0,-0.005],[0,-0.004],[-0.001,-0.004],[0,-0.005],[0,-0.005],[-0.001,-0.004],[0,-0.004],[0,-0.004],[-0.001,-0.007],[0,-0.004],[0,-0.008],[0,-0.003],[0,-0.006],[0,-0.003],[0,-0.005],[0,-0.004],[0,-0.005],[0,0],[0,-0.004],[-0.001,-0.003],[0,-0.006],[0,0],[-0.001,-0.008],[0,0],[0,-0.007],[0,0],[0,-0.006],[0,0],[0,0],[-0.001,-0.003],[0,0],[0,0],[0,-0.005],[0,0],[0,0],[0,0],[0,0],[0,0]],"v":[[-1.672,-13.726],[-5.13,-13.726],[-5.13,5.194],[3.401,13.726],[5.13,13.55],[-1.556,6.609],[-1.559,6.586],[-1.56,6.585],[-1.581,6.45],[-1.581,6.446],[-1.583,6.426],[-1.585,6.422],[-1.587,6.403],[-1.589,6.398],[-1.591,6.378],[-1.591,6.376],[-1.603,6.288],[-1.604,6.284],[-1.605,6.266],[-1.607,6.259],[-1.608,6.242],[-1.609,6.235],[-1.612,6.217],[-1.612,6.211],[-1.615,6.193],[-1.616,6.186],[-1.617,6.169],[-1.617,6.164],[-1.625,6.105],[-1.625,6.096],[-1.626,6.082],[-1.628,6.071],[-1.629,6.056],[-1.63,6.045],[-1.632,6.032],[-1.633,6.02],[-1.634,6.006],[-1.635,5.996],[-1.637,5.981],[-1.638,5.971],[-1.641,5.941],[-1.641,5.932],[-1.642,5.919],[-1.643,5.908],[-1.645,5.894],[-1.646,5.882],[-1.647,5.869],[-1.647,5.856],[-1.648,5.843],[-1.65,5.831],[-1.651,5.818],[-1.651,5.805],[-1.651,5.793],[-1.652,5.779],[-1.654,5.759],[-1.655,5.743],[-1.655,5.731],[-1.656,5.717],[-1.658,5.706],[-1.659,5.692],[-1.659,5.679],[-1.66,5.667],[-1.66,5.654],[-1.66,5.64],[-1.661,5.628],[-1.663,5.614],[-1.663,5.603],[-1.664,5.585],[-1.664,5.575],[-1.665,5.552],[-1.665,5.543],[-1.667,5.526],[-1.667,5.516],[-1.668,5.501],[-1.668,5.49],[-1.668,5.474],[-1.668,5.463],[-1.668,5.448],[-1.669,5.438],[-1.669,5.42],[-1.669,5.413],[-1.671,5.389],[-1.671,5.384],[-1.672,5.361],[-1.672,5.352],[-1.672,5.335],[-1.672,5.325],[-1.672,5.308],[-1.672,5.298],[-1.672,5.283],[-1.672,5.272],[-1.672,5.256],[-1.672,5.246],[-1.672,5.228],[-1.672,5.22],[-1.672,5.194]]},"ix":2}},{"ty":"fl","bm":0,"cl":"","ln":"","hd":false,"mn":"ADBE Vector Graphic - Fill","nm":"Fond 1","c":{"a":0,"k":[0.2196,0.1725,0.5804],"ix":4},"r":1,"o":{"a":0,"k":100,"ix":5}},{"ty":"tr","a":{"a":0,"k":[0,0],"ix":1},"s":{"a":0,"k":[100,100],"ix":3},"sk":{"a":0,"k":0,"ix":4},"p":{"a":0,"k":[5.38,13.976],"ix":2},"r":{"a":0,"k":0,"ix":6},"sa":{"a":0,"k":0,"ix":5},"o":{"a":0,"k":100,"ix":7}}]}],"ind":8},{"ty":4,"nm":"Calque 105 Silhouettes","mn":"","sr":1,"st":0,"op":900,"ip":0,"hd":false,"cl":"","ln":"","ddd":0,"bm":0,"tt":0,"hasMask":false,"td":0,"ao":0,"ks":{"a":{"a":0,"k":[5.93,5.931,0],"ix":1},"s":{"a":0,"k":[100,100,100],"ix":6},"sk":{"a":0,"k":0},"p":{"a":0,"k":[324.25,256.899,0],"ix":2},"sa":{"a":0,"k":0},"o":{"a":0,"k":100,"ix":11},"r":{"a":0,"k":0,"ix":10}},"ef":[],"shapes":[{"ty":"gr","bm":0,"cl":"","ln":"","hd":false,"mn":"ADBE Vector Group","nm":"Groupe 1","ix":1,"cix":2,"np":2,"it":[{"ty":"sh","bm":0,"cl":"","ln":"","hd":false,"mn":"ADBE Vector Shape - Group","nm":"Tracé 1","ix":1,"d":1,"ks":{"a":0,"k":{"c":true,"i":[[0,-3.137],[3.137,0],[0,3.138],[-3.137,0]],"o":[[0,3.138],[-3.137,0],[0,-3.137],[3.137,0]],"v":[[5.681,-0.001],[-0.001,5.68],[-5.681,-0.001],[-0.001,-5.68]]},"ix":2}},{"ty":"fl","bm":0,"cl":"","ln":"","hd":false,"mn":"ADBE Vector Graphic - Fill","nm":"Fond 1","c":{"a":0,"k":[1,0.0078,0.0078],"ix":4},"r":1,"o":{"a":0,"k":100,"ix":5}},{"ty":"tr","a":{"a":0,"k":[0,0],"ix":1},"s":{"a":0,"k":[100,100],"ix":3},"sk":{"a":0,"k":0,"ix":4},"p":{"a":0,"k":[5.93,5.931],"ix":2},"r":{"a":0,"k":0,"ix":6},"sa":{"a":0,"k":0,"ix":5},"o":{"a":0,"k":100,"ix":7}}]}],"ind":9},{"ty":4,"nm":"Calque 106 Silhouettes","mn":"","sr":1,"st":0,"op":900,"ip":0,"hd":false,"cl":"","ln":"","ddd":0,"bm":0,"tt":0,"hasMask":false,"td":0,"ao":0,"ks":{"a":{"a":0,"k":[5.931,5.931,0],"ix":1},"s":{"a":0,"k":[100,100,100],"ix":6},"sk":{"a":0,"k":0},"p":{"a":0,"k":[303.1,256.899,0],"ix":2},"sa":{"a":0,"k":0},"o":{"a":0,"k":100,"ix":11},"r":{"a":0,"k":0,"ix":10}},"ef":[],"shapes":[{"ty":"gr","bm":0,"cl":"","ln":"","hd":false,"mn":"ADBE Vector Group","nm":"Groupe 1","ix":1,"cix":2,"np":2,"it":[{"ty":"sh","bm":0,"cl":"","ln":"","hd":false,"mn":"ADBE Vector Shape - Group","nm":"Tracé 1","ix":1,"d":1,"ks":{"a":0,"k":{"c":true,"i":[[0,-3.137],[3.137,0],[0,3.138],[-3.137,0]],"o":[[0,3.138],[-3.137,0],[0,-3.137],[3.137,0]],"v":[[5.681,-0.001],[0,5.68],[-5.681,-0.001],[0,-5.68]]},"ix":2}},{"ty":"fl","bm":0,"cl":"","ln":"","hd":false,"mn":"ADBE Vector Graphic - Fill","nm":"Fond 1","c":{"a":0,"k":[1,0.0078,0.0078],"ix":4},"r":1,"o":{"a":0,"k":100,"ix":5}},{"ty":"tr","a":{"a":0,"k":[0,0],"ix":1},"s":{"a":0,"k":[100,100],"ix":3},"sk":{"a":0,"k":0,"ix":4},"p":{"a":0,"k":[5.93,5.931],"ix":2},"r":{"a":0,"k":0,"ix":6},"sa":{"a":0,"k":0,"ix":5},"o":{"a":0,"k":100,"ix":7}}]}],"ind":10},{"ty":4,"nm":"Calque 107 Silhouettes","mn":"","sr":1,"st":0,"op":900,"ip":0,"hd":false,"cl":"","ln":"","ddd":0,"bm":0,"tt":0,"hasMask":false,"td":0,"ao":0,"ks":{"a":{"a":0,"k":[5.93,5.931,0],"ix":1},"s":{"a":0,"k":[100,100,100],"ix":6},"sk":{"a":0,"k":0},"p":{"a":0,"k":[281.951,256.899,0],"ix":2},"sa":{"a":0,"k":0},"o":{"a":0,"k":100,"ix":11},"r":{"a":0,"k":0,"ix":10}},"ef":[],"shapes":[{"ty":"gr","bm":0,"cl":"","ln":"","hd":false,"mn":"ADBE Vector Group","nm":"Groupe 1","ix":1,"cix":2,"np":2,"it":[{"ty":"sh","bm":0,"cl":"","ln":"","hd":false,"mn":"ADBE Vector Shape - Group","nm":"Tracé 1","ix":1,"d":1,"ks":{"a":0,"k":{"c":true,"i":[[0,-3.137],[3.137,0],[0,3.138],[-3.137,0]],"o":[[0,3.138],[-3.137,0],[0,-3.137],[3.137,0]],"v":[[5.68,-0.001],[0,5.68],[-5.68,-0.001],[0,-5.68]]},"ix":2}},{"ty":"fl","bm":0,"cl":"","ln":"","hd":false,"mn":"ADBE Vector Graphic - Fill","nm":"Fond 1","c":{"a":0,"k":[1,0.0078,0.0078],"ix":4},"r":1,"o":{"a":0,"k":100,"ix":5}},{"ty":"tr","a":{"a":0,"k":[0,0],"ix":1},"s":{"a":0,"k":[100,100],"ix":3},"sk":{"a":0,"k":0,"ix":4},"p":{"a":0,"k":[5.93,5.931],"ix":2},"r":{"a":0,"k":0,"ix":6},"sa":{"a":0,"k":0,"ix":5},"o":{"a":0,"k":100,"ix":7}}]}],"ind":11},{"ty":4,"nm":"Calque 108 Silhouettes","mn":"","sr":1,"st":0,"op":900,"ip":0,"hd":false,"cl":"","ln":"","ddd":0,"bm":0,"tt":0,"hasMask":false,"td":0,"ao":0,"ks":{"a":{"a":0,"k":[5.93,5.931,0],"ix":1},"s":{"a":0,"k":[100,100,100],"ix":6},"sk":{"a":0,"k":0},"p":{"a":0,"k":[345.4,237.178,0],"ix":2},"sa":{"a":0,"k":0},"o":{"a":0,"k":100,"ix":11},"r":{"a":0,"k":0,"ix":10}},"ef":[],"shapes":[{"ty":"gr","bm":0,"cl":"","ln":"","hd":false,"mn":"ADBE Vector Group","nm":"Groupe 1","ix":1,"cix":2,"np":2,"it":[{"ty":"sh","bm":0,"cl":"","ln":"","hd":false,"mn":"ADBE Vector Shape - Group","nm":"Tracé 1","ix":1,"d":1,"ks":{"a":0,"k":{"c":true,"i":[[0,-3.138],[3.138,0],[0,3.137],[-3.136,0]],"o":[[0,3.137],[-3.136,0],[0,-3.138],[3.138,0]],"v":[[5.68,0.001],[-0.001,5.68],[-5.68,0.001],[-0.001,-5.68]]},"ix":2}},{"ty":"fl","bm":0,"cl":"","ln":"","hd":false,"mn":"ADBE Vector Graphic - Fill","nm":"Fond 1","c":{"a":0,"k":[1,0.0078,0.0078],"ix":4},"r":1,"o":{"a":0,"k":100,"ix":5}},{"ty":"tr","a":{"a":0,"k":[0,0],"ix":1},"s":{"a":0,"k":[100,100],"ix":3},"sk":{"a":0,"k":0,"ix":4},"p":{"a":0,"k":[5.93,5.931],"ix":2},"r":{"a":0,"k":0,"ix":6},"sa":{"a":0,"k":0,"ix":5},"o":{"a":0,"k":100,"ix":7}}]}],"ind":12},{"ty":4,"nm":"Calque 109 Silhouettes","mn":"","sr":1,"st":0,"op":900,"ip":0,"hd":false,"cl":"","ln":"","ddd":0,"bm":0,"tt":0,"hasMask":false,"td":0,"ao":0,"ks":{"a":{"a":0,"k":[5.93,5.931,0],"ix":1},"s":{"a":0,"k":[100,100,100],"ix":6},"sk":{"a":0,"k":0},"p":{"a":0,"k":[324.25,237.178,0],"ix":2},"sa":{"a":0,"k":0},"o":{"a":0,"k":100,"ix":11},"r":{"a":0,"k":0,"ix":10}},"ef":[],"shapes":[{"ty":"gr","bm":0,"cl":"","ln":"","hd":false,"mn":"ADBE Vector Group","nm":"Groupe 1","ix":1,"cix":2,"np":2,"it":[{"ty":"sh","bm":0,"cl":"","ln":"","hd":false,"mn":"ADBE Vector Shape - Group","nm":"Tracé 1","ix":1,"d":1,"ks":{"a":0,"k":{"c":true,"i":[[0,-3.138],[3.137,0],[0,3.137],[-3.137,0]],"o":[[0,3.137],[-3.137,0],[0,-3.138],[3.137,0]],"v":[[5.681,0.001],[-0.001,5.68],[-5.681,0.001],[-0.001,-5.68]]},"ix":2}},{"ty":"fl","bm":0,"cl":"","ln":"","hd":false,"mn":"ADBE Vector Graphic - Fill","nm":"Fond 1","c":{"a":0,"k":[1,0.0078,0.0078],"ix":4},"r":1,"o":{"a":0,"k":100,"ix":5}},{"ty":"tr","a":{"a":0,"k":[0,0],"ix":1},"s":{"a":0,"k":[100,100],"ix":3},"sk":{"a":0,"k":0,"ix":4},"p":{"a":0,"k":[5.93,5.931],"ix":2},"r":{"a":0,"k":0,"ix":6},"sa":{"a":0,"k":0,"ix":5},"o":{"a":0,"k":100,"ix":7}}]}],"ind":13},{"ty":4,"nm":"Calque 110 Silhouettes","mn":"","sr":1,"st":0,"op":900,"ip":0,"hd":false,"cl":"","ln":"","ddd":0,"bm":0,"tt":0,"hasMask":false,"td":0,"ao":0,"ks":{"a":{"a":0,"k":[5.931,5.931,0],"ix":1},"s":{"a":0,"k":[100,100,100],"ix":6},"sk":{"a":0,"k":0},"p":{"a":0,"k":[303.1,237.178,0],"ix":2},"sa":{"a":0,"k":0},"o":{"a":0,"k":100,"ix":11},"r":{"a":0,"k":0,"ix":10}},"ef":[],"shapes":[{"ty":"gr","bm":0,"cl":"","ln":"","hd":false,"mn":"ADBE Vector Group","nm":"Groupe 1","ix":1,"cix":2,"np":2,"it":[{"ty":"sh","bm":0,"cl":"","ln":"","hd":false,"mn":"ADBE Vector Shape - Group","nm":"Tracé 1","ix":1,"d":1,"ks":{"a":0,"k":{"c":true,"i":[[0,-3.138],[3.137,0],[0,3.137],[-3.137,0]],"o":[[0,3.137],[-3.137,0],[0,-3.138],[3.137,0]],"v":[[5.681,0.001],[0,5.68],[-5.681,0.001],[0,-5.68]]},"ix":2}},{"ty":"fl","bm":0,"cl":"","ln":"","hd":false,"mn":"ADBE Vector Graphic - Fill","nm":"Fond 1","c":{"a":0,"k":[1,0.0078,0.0078],"ix":4},"r":1,"o":{"a":0,"k":100,"ix":5}},{"ty":"tr","a":{"a":0,"k":[0,0],"ix":1},"s":{"a":0,"k":[100,100],"ix":3},"sk":{"a":0,"k":0,"ix":4},"p":{"a":0,"k":[5.93,5.931],"ix":2},"r":{"a":0,"k":0,"ix":6},"sa":{"a":0,"k":0,"ix":5},"o":{"a":0,"k":100,"ix":7}}]}],"ind":14},{"ty":4,"nm":"Calque 111 Silhouettes","mn":"","sr":1,"st":0,"op":900,"ip":0,"hd":false,"cl":"","ln":"","ddd":0,"bm":0,"tt":0,"hasMask":false,"td":0,"ao":0,"ks":{"a":{"a":0,"k":[5.93,5.931,0],"ix":1},"s":{"a":0,"k":[100,100,100],"ix":6},"sk":{"a":0,"k":0},"p":{"a":0,"k":[281.951,237.178,0],"ix":2},"sa":{"a":0,"k":0},"o":{"a":0,"k":100,"ix":11},"r":{"a":0,"k":0,"ix":10}},"ef":[],"shapes":[{"ty":"gr","bm":0,"cl":"","ln":"","hd":false,"mn":"ADBE Vector Group","nm":"Groupe 1","ix":1,"cix":2,"np":2,"it":[{"ty":"sh","bm":0,"cl":"","ln":"","hd":false,"mn":"ADBE Vector Shape - Group","nm":"Tracé 1","ix":1,"d":1,"ks":{"a":0,"k":{"c":true,"i":[[0,-3.138],[3.137,0],[0,3.137],[-3.137,0]],"o":[[0,3.137],[-3.137,0],[0,-3.138],[3.137,0]],"v":[[5.68,0.001],[0,5.68],[-5.68,0.001],[0,-5.68]]},"ix":2}},{"ty":"fl","bm":0,"cl":"","ln":"","hd":false,"mn":"ADBE Vector Graphic - Fill","nm":"Fond 1","c":{"a":0,"k":[1,0.0078,0.0078],"ix":4},"r":1,"o":{"a":0,"k":100,"ix":5}},{"ty":"tr","a":{"a":0,"k":[0,0],"ix":1},"s":{"a":0,"k":[100,100],"ix":3},"sk":{"a":0,"k":0,"ix":4},"p":{"a":0,"k":[5.93,5.931],"ix":2},"r":{"a":0,"k":0,"ix":6},"sa":{"a":0,"k":0,"ix":5},"o":{"a":0,"k":100,"ix":7}}]}],"ind":15},{"ty":4,"nm":"Calque 112 Silhouettes","mn":"","sr":1,"st":0,"op":900,"ip":0,"hd":false,"cl":"","ln":"","ddd":0,"bm":0,"tt":0,"hasMask":false,"td":0,"ao":0,"ks":{"a":{"a":0,"k":[5.93,5.931,0],"ix":1},"s":{"a":0,"k":[100,100,100],"ix":6},"sk":{"a":0,"k":0},"p":{"a":0,"k":[345.4,217.458,0],"ix":2},"sa":{"a":0,"k":0},"o":{"a":0,"k":100,"ix":11},"r":{"a":0,"k":0,"ix":10}},"ef":[],"shapes":[{"ty":"gr","bm":0,"cl":"","ln":"","hd":false,"mn":"ADBE Vector Group","nm":"Groupe 1","ix":1,"cix":2,"np":2,"it":[{"ty":"sh","bm":0,"cl":"","ln":"","hd":false,"mn":"ADBE Vector Shape - Group","nm":"Tracé 1","ix":1,"d":1,"ks":{"a":0,"k":{"c":true,"i":[[0,-3.138],[3.138,0],[0,3.137],[-3.136,0]],"o":[[0,3.137],[-3.136,0],[0,-3.138],[3.138,0]],"v":[[5.68,0.001],[-0.001,5.68],[-5.68,0.001],[-0.001,-5.68]]},"ix":2}},{"ty":"fl","bm":0,"cl":"","ln":"","hd":false,"mn":"ADBE Vector Graphic - Fill","nm":"Fond 1","c":{"a":0,"k":[1,0.0078,0.0078],"ix":4},"r":1,"o":{"a":0,"k":100,"ix":5}},{"ty":"tr","a":{"a":0,"k":[0,0],"ix":1},"s":{"a":0,"k":[100,100],"ix":3},"sk":{"a":0,"k":0,"ix":4},"p":{"a":0,"k":[5.93,5.931],"ix":2},"r":{"a":0,"k":0,"ix":6},"sa":{"a":0,"k":0,"ix":5},"o":{"a":0,"k":100,"ix":7}}]}],"ind":16},{"ty":4,"nm":"Calque 113 Silhouettes","mn":"","sr":1,"st":0,"op":900,"ip":0,"hd":false,"cl":"","ln":"","ddd":0,"bm":0,"tt":0,"hasMask":false,"td":0,"ao":0,"ks":{"a":{"a":0,"k":[5.93,5.931,0],"ix":1},"s":{"a":0,"k":[100,100,100],"ix":6},"sk":{"a":0,"k":0},"p":{"a":0,"k":[324.25,217.458,0],"ix":2},"sa":{"a":0,"k":0},"o":{"a":0,"k":100,"ix":11},"r":{"a":0,"k":0,"ix":10}},"ef":[],"shapes":[{"ty":"gr","bm":0,"cl":"","ln":"","hd":false,"mn":"ADBE Vector Group","nm":"Groupe 1","ix":1,"cix":2,"np":2,"it":[{"ty":"sh","bm":0,"cl":"","ln":"","hd":false,"mn":"ADBE Vector Shape - Group","nm":"Tracé 1","ix":1,"d":1,"ks":{"a":0,"k":{"c":true,"i":[[0,-3.138],[3.137,0],[0,3.137],[-3.137,0]],"o":[[0,3.137],[-3.137,0],[0,-3.138],[3.137,0]],"v":[[5.681,0.001],[-0.001,5.68],[-5.681,0.001],[-0.001,-5.68]]},"ix":2}},{"ty":"fl","bm":0,"cl":"","ln":"","hd":false,"mn":"ADBE Vector Graphic - Fill","nm":"Fond 1","c":{"a":0,"k":[1,0.0078,0.0078],"ix":4},"r":1,"o":{"a":0,"k":100,"ix":5}},{"ty":"tr","a":{"a":0,"k":[0,0],"ix":1},"s":{"a":0,"k":[100,100],"ix":3},"sk":{"a":0,"k":0,"ix":4},"p":{"a":0,"k":[5.93,5.931],"ix":2},"r":{"a":0,"k":0,"ix":6},"sa":{"a":0,"k":0,"ix":5},"o":{"a":0,"k":100,"ix":7}}]}],"ind":17},{"ty":4,"nm":"Calque 114 Silhouettes","mn":"","sr":1,"st":0,"op":900,"ip":0,"hd":false,"cl":"","ln":"","ddd":0,"bm":0,"tt":0,"hasMask":false,"td":0,"ao":0,"ks":{"a":{"a":0,"k":[5.931,5.931,0],"ix":1},"s":{"a":0,"k":[100,100,100],"ix":6},"sk":{"a":0,"k":0},"p":{"a":0,"k":[303.1,217.458,0],"ix":2},"sa":{"a":0,"k":0},"o":{"a":0,"k":100,"ix":11},"r":{"a":0,"k":0,"ix":10}},"ef":[],"shapes":[{"ty":"gr","bm":0,"cl":"","ln":"","hd":false,"mn":"ADBE Vector Group","nm":"Groupe 1","ix":1,"cix":2,"np":2,"it":[{"ty":"sh","bm":0,"cl":"","ln":"","hd":false,"mn":"ADBE Vector Shape - Group","nm":"Tracé 1","ix":1,"d":1,"ks":{"a":0,"k":{"c":true,"i":[[0,-3.138],[3.137,0],[0,3.137],[-3.137,0]],"o":[[0,3.137],[-3.137,0],[0,-3.138],[3.137,0]],"v":[[5.681,0.001],[0,5.68],[-5.681,0.001],[0,-5.68]]},"ix":2}},{"ty":"fl","bm":0,"cl":"","ln":"","hd":false,"mn":"ADBE Vector Graphic - Fill","nm":"Fond 1","c":{"a":0,"k":[1,0.0078,0.0078],"ix":4},"r":1,"o":{"a":0,"k":100,"ix":5}},{"ty":"tr","a":{"a":0,"k":[0,0],"ix":1},"s":{"a":0,"k":[100,100],"ix":3},"sk":{"a":0,"k":0,"ix":4},"p":{"a":0,"k":[5.93,5.931],"ix":2},"r":{"a":0,"k":0,"ix":6},"sa":{"a":0,"k":0,"ix":5},"o":{"a":0,"k":100,"ix":7}}]}],"ind":18},{"ty":4,"nm":"Calque 115 Silhouettes","mn":"","sr":1,"st":0,"op":900,"ip":0,"hd":false,"cl":"","ln":"","ddd":0,"bm":0,"tt":0,"hasMask":false,"td":0,"ao":0,"ks":{"a":{"a":0,"k":[5.93,5.931,0],"ix":1},"s":{"a":0,"k":[100,100,100],"ix":6},"sk":{"a":0,"k":0},"p":{"a":0,"k":[281.951,217.458,0],"ix":2},"sa":{"a":0,"k":0},"o":{"a":0,"k":100,"ix":11},"r":{"a":0,"k":0,"ix":10}},"ef":[],"shapes":[{"ty":"gr","bm":0,"cl":"","ln":"","hd":false,"mn":"ADBE Vector Group","nm":"Groupe 1","ix":1,"cix":2,"np":2,"it":[{"ty":"sh","bm":0,"cl":"","ln":"","hd":false,"mn":"ADBE Vector Shape - Group","nm":"Tracé 1","ix":1,"d":1,"ks":{"a":0,"k":{"c":true,"i":[[0,-3.138],[3.137,0],[0,3.137],[-3.137,0]],"o":[[0,3.137],[-3.137,0],[0,-3.138],[3.137,0]],"v":[[5.68,0.001],[0,5.68],[-5.68,0.001],[0,-5.68]]},"ix":2}},{"ty":"fl","bm":0,"cl":"","ln":"","hd":false,"mn":"ADBE Vector Graphic - Fill","nm":"Fond 1","c":{"a":0,"k":[1,0.0078,0.0078],"ix":4},"r":1,"o":{"a":0,"k":100,"ix":5}},{"ty":"tr","a":{"a":0,"k":[0,0],"ix":1},"s":{"a":0,"k":[100,100],"ix":3},"sk":{"a":0,"k":0,"ix":4},"p":{"a":0,"k":[5.93,5.931],"ix":2},"r":{"a":0,"k":0,"ix":6},"sa":{"a":0,"k":0,"ix":5},"o":{"a":0,"k":100,"ix":7}}]}],"ind":19},{"ty":4,"nm":"Calque 116 Silhouettes","mn":"","sr":1,"st":0,"op":900,"ip":0,"hd":false,"cl":"","ln":"","ddd":0,"bm":0,"tt":0,"hasMask":false,"td":0,"ao":0,"ks":{"a":{"a":0,"k":[68.017,18.516,0],"ix":1},"s":{"a":0,"k":[100,100,100],"ix":6},"sk":{"a":0,"k":0},"p":{"a":0,"k":[313.675,170.441,0],"ix":2},"sa":{"a":0,"k":0},"o":{"a":0,"k":100,"ix":11},"r":{"a":0,"k":0,"ix":10}},"ef":[],"shapes":[{"ty":"gr","bm":0,"cl":"","ln":"","hd":false,"mn":"ADBE Vector Group","nm":"Groupe 1","ix":1,"cix":2,"np":2,"it":[{"ty":"sh","bm":0,"cl":"","ln":"","hd":false,"mn":"ADBE Vector Shape - Group","nm":"Tracé 1","ix":1,"d":1,"ks":{"a":0,"k":{"c":true,"i":[[8.14,0],[0,0],[0,0],[4.705,0],[0,4.704],[0,0],[0,0],[0,0],[4.705,0],[0,4.704],[0,0],[0,0],[0,-8.14],[0,0],[0,0],[0,0]],"o":[[0,0],[0,0],[0,4.704],[-4.705,0],[0,0],[0,0],[0,0],[0,4.704],[-4.705,0],[0,0],[0,0],[-8.139,0],[0,0],[0,0],[0,0],[0,-8.14]],"v":[[52.968,-18.266],[42.959,-18.266],[42.959,0.655],[34.426,9.187],[25.894,0.655],[25.894,-18.266],[-25.894,-18.266],[-25.894,0.655],[-34.426,9.187],[-42.959,0.655],[-42.959,-18.266],[-52.967,-18.266],[-67.766,-3.465],[-67.766,18.266],[67.766,18.266],[67.766,-3.465]]},"ix":2}},{"ty":"fl","bm":0,"cl":"","ln":"","hd":false,"mn":"ADBE Vector Graphic - Fill","nm":"Fond 1","c":{"a":0,"k":[1,0.0078,0.0078],"ix":4},"r":1,"o":{"a":0,"k":100,"ix":5}},{"ty":"tr","a":{"a":0,"k":[0,0],"ix":1},"s":{"a":0,"k":[100,100],"ix":3},"sk":{"a":0,"k":0,"ix":4},"p":{"a":0,"k":[68.016,18.516],"ix":2},"r":{"a":0,"k":0,"ix":6},"sa":{"a":0,"k":0,"ix":5},"o":{"a":0,"k":100,"ix":7}}]}],"ind":20},{"ty":4,"nm":"Calque 117 Silhouettes","mn":"","sr":1,"st":0,"op":900,"ip":0,"hd":false,"cl":"","ln":"","ddd":0,"bm":0,"tt":0,"hasMask":false,"td":0,"ao":0,"ks":{"a":{"a":0,"k":[68.017,18.516,0],"ix":1},"s":{"a":0,"k":[100,100,100],"ix":6},"sk":{"a":0,"k":0},"p":{"a":0,"k":[313.675,170.441,0],"ix":2},"sa":{"a":0,"k":0},"o":{"a":0,"k":100,"ix":11},"r":{"a":0,"k":0,"ix":10}},"ef":[],"shapes":[{"ty":"gr","bm":0,"cl":"","ln":"","hd":false,"mn":"ADBE Vector Group","nm":"Groupe 1","ix":1,"cix":2,"np":2,"it":[{"ty":"sh","bm":0,"cl":"","ln":"","hd":false,"mn":"ADBE Vector Shape - Group","nm":"Tracé 1","ix":1,"d":1,"ks":{"a":0,"k":{"c":true,"i":[[8.14,0],[0,0],[0,0],[4.705,0],[0,4.704],[0,0],[0,0],[0,0],[4.705,0],[0,4.704],[0,0],[0,0],[0,-8.14],[0,0],[0,0],[0,0]],"o":[[0,0],[0,0],[0,4.704],[-4.705,0],[0,0],[0,0],[0,0],[0,4.704],[-4.705,0],[0,0],[0,0],[-8.139,0],[0,0],[0,0],[0,0],[0,-8.14]],"v":[[52.968,-18.266],[42.959,-18.266],[42.959,0.655],[34.426,9.187],[25.894,0.655],[25.894,-18.266],[-25.894,-18.266],[-25.894,0.655],[-34.426,9.187],[-42.959,0.655],[-42.959,-18.266],[-52.967,-18.266],[-67.766,-3.465],[-67.766,18.266],[67.766,18.266],[67.766,-3.465]]},"ix":2}},{"ty":"fl","bm":0,"cl":"","ln":"","hd":false,"mn":"ADBE Vector Graphic - Fill","nm":"Fond 1","c":{"a":0,"k":[1,0.0078,0.0078],"ix":4},"r":1,"o":{"a":0,"k":100,"ix":5}},{"ty":"tr","a":{"a":0,"k":[0,0],"ix":1},"s":{"a":0,"k":[100,100],"ix":3},"sk":{"a":0,"k":0,"ix":4},"p":{"a":0,"k":[68.016,18.516],"ix":2},"r":{"a":0,"k":0,"ix":6},"sa":{"a":0,"k":0,"ix":5},"o":{"a":0,"k":100,"ix":7}}]}],"ind":21},{"ty":4,"nm":"Calque 118 Silhouettes","mn":"","sr":1,"st":0,"op":900,"ip":0,"hd":false,"cl":"","ln":"","ddd":0,"bm":0,"tt":0,"hasMask":false,"td":0,"ao":0,"ks":{"a":{"a":0,"k":[68.017,68.017,0],"ix":1},"s":{"a":0,"k":[100,100,100],"ix":6},"sk":{"a":0,"k":0},"p":{"a":0,"k":[313.675,219.942,0],"ix":2},"sa":{"a":0,"k":0},"o":{"a":0,"k":100,"ix":11},"r":{"a":0,"k":0,"ix":10}},"ef":[],"shapes":[{"ty":"gr","bm":0,"cl":"","ln":"","hd":false,"mn":"ADBE Vector Group","nm":"Groupe 1","ix":1,"cix":2,"np":2,"it":[{"ty":"sh","bm":0,"cl":"","ln":"","hd":false,"mn":"ADBE Vector Shape - Group","nm":"Tracé 1","ix":1,"d":1,"ks":{"a":0,"k":{"c":true,"i":[[8.14,0],[0,0],[0,0],[4.705,0],[0,4.705],[0,0],[0,0],[0,0],[4.705,0],[0,4.705],[0,0],[0,0],[0,-8.14],[0,0],[-8.139,0],[0,0],[0,8.14],[0,0]],"o":[[0,0],[0,0],[0,4.705],[-4.705,0],[0,0],[0,0],[0,0],[0,4.705],[-4.705,0],[0,0],[0,0],[-8.139,0],[0,0],[0,8.14],[0,0],[8.14,0],[0,0],[0,-8.14]],"v":[[52.968,-67.767],[42.959,-67.767],[42.959,-48.413],[34.426,-39.882],[25.894,-48.413],[25.894,-67.767],[-25.894,-67.767],[-25.894,-48.413],[-34.426,-39.882],[-42.959,-48.413],[-42.959,-67.767],[-52.967,-67.767],[-67.766,-52.967],[-67.766,52.967],[-52.967,67.767],[52.968,67.767],[67.766,52.967],[67.766,-52.967]]},"ix":2}},{"ty":"fl","bm":0,"cl":"","ln":"","hd":false,"mn":"ADBE Vector Graphic - Fill","nm":"Fond 1","c":{"a":0,"k":[1,1,1],"ix":4},"r":1,"o":{"a":0,"k":100,"ix":5}},{"ty":"tr","a":{"a":0,"k":[0,0],"ix":1},"s":{"a":0,"k":[100,100],"ix":3},"sk":{"a":0,"k":0,"ix":4},"p":{"a":0,"k":[68.016,68.017],"ix":2},"r":{"a":0,"k":0,"ix":6},"sa":{"a":0,"k":0,"ix":5},"o":{"a":0,"k":100,"ix":7}}]}],"ind":22},{"ty":4,"nm":"Calque 119 Silhouettes","mn":"","sr":1,"st":0,"op":900,"ip":0,"hd":false,"cl":"","ln":"","ddd":0,"bm":0,"tt":0,"hasMask":false,"td":0,"ao":0,"ks":{"a":{"a":0,"k":[68.017,51.912,0],"ix":1},"s":{"a":0,"k":[100,100,100],"ix":6},"sk":{"a":0,"k":0},"p":{"a":0,"k":[313.675,240.37,0],"ix":2},"sa":{"a":0,"k":0},"o":{"a":0,"k":100,"ix":11},"r":{"a":0,"k":0,"ix":10}},"ef":[],"shapes":[{"ty":"gr","bm":0,"cl":"","ln":"","hd":false,"mn":"ADBE Vector Group","nm":"Groupe 1","ix":1,"cix":2,"np":2,"it":[{"ty":"sh","bm":0,"cl":"","ln":"","hd":false,"mn":"ADBE Vector Shape - Group","nm":"Tracé 1","ix":1,"d":1,"ks":{"a":0,"k":{"c":true,"i":[[7.107,0],[0,0],[0,7.107],[0,0],[-7.107,0],[0,0],[0,-7.108],[0,0]],"o":[[0,0],[-7.107,0],[0,0],[0,-7.108],[0,0],[7.107,0],[0,0],[0,7.107]],"v":[[54.845,51.662],[-54.845,51.662],[-67.767,38.74],[-67.767,-38.741],[-54.845,-51.662],[54.845,-51.662],[67.767,-38.741],[67.767,38.74]]},"ix":2}},{"ty":"fl","bm":0,"cl":"","ln":"","hd":false,"mn":"ADBE Vector Graphic - Fill","nm":"Fond 1","c":{"a":0,"k":[0.9176,0.9176,0.9176],"ix":4},"r":1,"o":{"a":0,"k":100,"ix":5}},{"ty":"tr","a":{"a":0,"k":[0,0],"ix":1},"s":{"a":0,"k":[100,100],"ix":3},"sk":{"a":0,"k":0,"ix":4},"p":{"a":0,"k":[68.017,51.913],"ix":2},"r":{"a":0,"k":0,"ix":6},"sa":{"a":0,"k":0,"ix":5},"o":{"a":0,"k":100,"ix":7}}]}],"ind":23},{"ty":4,"nm":"Base Silhouettes","mn":"","sr":1,"st":0,"op":900,"ip":0,"hd":false,"cl":"","ln":"","ddd":0,"bm":0,"tt":0,"hasMask":false,"td":0,"ao":0,"ks":{"a":{"a":0,"k":[68.016,54.074,0],"ix":1},"s":{"a":0,"k":[100,100,100],"ix":6},"sk":{"a":0,"k":0},"p":{"a":0,"k":[313.675,242.532,0],"ix":2},"sa":{"a":0,"k":0},"o":{"a":0,"k":100,"ix":11},"r":{"a":0,"k":0,"ix":10}},"ef":[],"shapes":[{"ty":"gr","bm":0,"cl":"","ln":"","hd":false,"mn":"ADBE Vector Group","nm":"Groupe 1","ix":1,"cix":2,"np":2,"it":[{"ty":"sh","bm":0,"cl":"","ln":"","hd":false,"mn":"ADBE Vector Shape - Group","nm":"Tracé 1","ix":1,"d":1,"ks":{"a":0,"k":{"c":true,"i":[[7.255,0],[0,0],[0,7.253],[0,0],[-7.254,0],[0,0],[0,-7.254],[0,0]],"o":[[0,0],[-7.254,0],[0,0],[0,-7.254],[0,0],[7.255,0],[0,0],[0,7.253]],"v":[[54.577,53.824],[-54.577,53.824],[-67.766,40.635],[-67.766,-40.635],[-54.577,-53.824],[54.577,-53.824],[67.766,-40.635],[67.766,40.635]]},"ix":2}},{"ty":"fl","bm":0,"cl":"","ln":"","hd":false,"mn":"ADBE Vector Graphic - Fill","nm":"Fond 1","c":{"a":0,"k":[0.8588,0.8588,0.8588],"ix":4},"r":1,"o":{"a":0,"k":100,"ix":5}},{"ty":"tr","a":{"a":0,"k":[0,0],"ix":1},"s":{"a":0,"k":[100,100],"ix":3},"sk":{"a":0,"k":0,"ix":4},"p":{"a":0,"k":[68.016,54.074],"ix":2},"r":{"a":0,"k":0,"ix":6},"sa":{"a":0,"k":0,"ix":5},"o":{"a":0,"k":100,"ix":7}}]}],"ind":24}],"id":"comp_3","fr":30},{"nm":"","mn":"","layers":[{"ty":4,"nm":"Forme Silhouettes - Groupe 1","mn":"","sr":1,"st":-104.4,"op":345.6,"ip":-104.4,"hd":false,"cl":"","ln":"","ddd":0,"bm":0,"tt":0,"hasMask":false,"td":0,"ao":0,"ks":{"a":{"a":0,"k":[306.246,367.376,0],"ix":1},"s":{"a":0,"k":[100,100,100],"ix":6},"sk":{"a":0,"k":0},"p":{"a":0,"k":[306.246,367.376,0],"ix":2},"sa":{"a":0,"k":0},"o":{"a":0,"k":100,"ix":11},"r":{"a":1,"k":[{"o":{"x":0.167,"y":0.167},"i":{"x":0.833,"y":0.833},"s":[0],"t":0},{"o":{"x":0.167,"y":0.167},"i":{"x":0.833,"y":0.833},"s":[-360],"t":189.6}],"ix":10}},"ef":[],"shapes":[{"ty":"gr","bm":0,"cl":"","ln":"","hd":false,"mn":"ADBE Vector Group","nm":"Groupe 1","ix":1,"cix":2,"np":2,"it":[{"ty":"sh","bm":0,"cl":"","ln":"","hd":false,"mn":"ADBE Vector Shape - Group","nm":"Tracé 1","ix":1,"d":1,"ks":{"a":1,"k":[{"o":{"x":0.167,"y":0.167},"i":{"x":0.833,"y":0.833},"s":[{"c":true,"i":[[-15.884,-86.323],[66.274,-12.195],[15.884,86.323],[-66.275,12.196]],"o":[[15.884,86.323],[-66.275,12.195],[-15.884,-86.324],[66.274,-12.195]],"v":[[120.001,-22.081],[28.761,156.302],[-120.001,22.082],[-28.76,-156.302]]}],"t":0},{"o":{"x":0.167,"y":0.167},"i":{"x":0.833,"y":0.833},"s":[{"c":true,"i":[[-15.884,-86.323],[66.274,-12.195],[15.884,86.323],[-66.275,12.196]],"o":[[15.884,86.323],[-66.275,12.195],[-15.884,-86.324],[66.274,-12.195]],"v":[[180.622,106.8],[67.432,226.342],[-107.305,58.575],[-14.921,-131.962]]}],"t":15.6},{"o":{"x":0.167,"y":0.167},"i":{"x":0.833,"y":0.833},"s":[{"c":true,"i":[[-3.955,-86.633],[66.274,-12.195],[15.884,86.323],[-66.275,12.196]],"o":[[3.758,88.135],[-66.275,12.195],[-15.884,-86.324],[66.274,-12.195]],"v":[[195.967,3.609],[58.585,162.383],[-137.67,57.193],[-41.019,-108.267]]}],"t":40.8},{"o":{"x":0.167,"y":0.167},"i":{"x":0.833,"y":0.833},"s":[{"c":true,"i":[[11.382,-87.031],[66.274,-12.195],[15.884,86.323],[-66.275,12.196]],"o":[[-11.831,90.465],[-66.275,12.195],[-15.884,-86.324],[66.274,-12.195]],"v":[[178.998,-27.17],[54.395,184.773],[-111.508,46.495],[-12.59,-124.904]]}],"t":73.2},{"o":{"x":0.167,"y":0.167},"i":{"x":0.833,"y":0.833},"s":[{"c":true,"i":[[-15.884,-86.323],[66.274,-12.195],[15.884,86.323],[-66.275,12.196]],"o":[[15.884,86.323],[-66.275,12.195],[-15.884,-86.324],[66.274,-12.195]],"v":[[140.487,21.472],[41.358,143.205],[-115.711,34.414],[-10.26,-117.846]]}],"t":130.8},{"o":{"x":0.167,"y":0.167},"i":{"x":0.833,"y":0.833},"s":[{"c":true,"i":[[-15.884,-86.323],[66.274,-12.195],[15.884,86.323],[-66.275,12.196]],"o":[[15.884,86.323],[-66.275,12.195],[-15.884,-86.324],[66.274,-12.195]],"v":[[120.001,-22.081],[28.761,156.302],[-120.001,22.082],[-28.76,-156.302]]}],"t":189.6}],"ix":2}},{"ty":"fl","bm":0,"cl":"","ln":"","hd":false,"mn":"ADBE Vector Graphic - Fill","nm":"Fond 1","c":{"a":0,"k":[0.6157,0.5843,0.5843],"ix":4},"r":1,"o":{"a":0,"k":100,"ix":5}},{"ty":"tr","a":{"a":0,"k":[15.227,14.594],"ix":1},"s":{"a":0,"k":[100,100],"ix":3},"sk":{"a":0,"k":0,"ix":4},"p":{"a":0,"k":[321.472,381.97],"ix":2},"r":{"a":1,"k":[{"o":{"x":0.167,"y":0.167},"i":{"x":0.833,"y":0.833},"s":[0],"t":0},{"o":{"x":0.167,"y":0.167},"i":{"x":0.833,"y":0.833},"s":[720],"t":189.6}],"ix":6},"sa":{"a":0,"k":0,"ix":5},"o":{"a":0,"k":100,"ix":7}}]}],"ind":0,"parent":6},{"ty":4,"nm":"Forme Silhouettes - Groupe 2","mn":"","sr":1,"st":-104.4,"op":345.6,"ip":-104.4,"hd":false,"cl":"","ln":"","ddd":0,"bm":0,"tt":0,"hasMask":false,"td":0,"ao":0,"ks":{"a":{"a":0,"k":[322.054,426.903,0],"ix":1},"s":{"a":0,"k":[100,100,100],"ix":6},"sk":{"a":0,"k":0},"p":{"a":0,"k":[322.054,426.903,0],"ix":2},"sa":{"a":0,"k":0},"o":{"a":0,"k":100,"ix":11},"r":{"a":1,"k":[{"o":{"x":0.167,"y":0.167},"i":{"x":0.833,"y":0.833},"s":[0],"t":0},{"o":{"x":0.167,"y":0.167},"i":{"x":0.833,"y":0.833},"s":[-360],"t":189.6}],"ix":10}},"ef":[],"shapes":[{"ty":"gr","bm":0,"cl":"","ln":"","hd":false,"mn":"ADBE Vector Group","nm":"Groupe 2","ix":1,"cix":2,"np":2,"it":[{"ty":"sh","bm":0,"cl":"","ln":"","hd":false,"mn":"ADBE Vector Shape - Group","nm":"Tracé 1","ix":1,"d":1,"ks":{"a":0,"k":{"c":true,"i":[[-4.792,-0.754],[0.748,-4.755],[4.791,0.754],[-0.748,4.755]],"o":[[4.792,0.754],[-0.748,4.754],[-4.792,-0.754],[0.748,-4.755]],"v":[[1.354,-8.61],[8.676,1.365],[-1.354,8.61],[-8.676,-1.365]]},"ix":2}},{"ty":"fl","bm":0,"cl":"","ln":"","hd":false,"mn":"ADBE Vector Graphic - Fill","nm":"Fond 1","c":{"a":0,"k":[0.2235,1,0.3373],"ix":4},"r":1,"o":{"a":0,"k":100,"ix":5}},{"ty":"tr","a":{"a":0,"k":[-92.582,175.067],"ix":1},"s":{"a":0,"k":[100,100],"ix":3},"sk":{"a":0,"k":0,"ix":4},"p":{"a":0,"k":[321.472,381.97],"ix":2},"r":{"a":1,"k":[{"o":{"x":0.167,"y":0.167},"i":{"x":0.833,"y":0.833},"s":[720],"t":0},{"o":{"x":0.167,"y":0.167},"i":{"x":0.833,"y":0.833},"s":[360],"t":189.6}],"ix":6},"sa":{"a":0,"k":0,"ix":5},"o":{"a":0,"k":100,"ix":7}}]}],"ind":1,"parent":6},{"ty":4,"nm":"Forme Silhouettes - Groupe 3","mn":"","sr":1,"st":-104.4,"op":345.6,"ip":-104.4,"hd":false,"cl":"","ln":"","ddd":0,"bm":0,"tt":0,"hasMask":false,"td":0,"ao":0,"ks":{"a":{"a":0,"k":[326.56,400.451,0],"ix":1},"s":{"a":0,"k":[100,100,100],"ix":6},"sk":{"a":0,"k":0},"p":{"a":0,"k":[326.56,400.451,0],"ix":2},"sa":{"a":0,"k":0},"o":{"a":0,"k":100,"ix":11},"r":{"a":1,"k":[{"o":{"x":0.167,"y":0.167},"i":{"x":0.833,"y":0.833},"s":[0],"t":0},{"o":{"x":0.167,"y":0.167},"i":{"x":0.833,"y":0.833},"s":[-360],"t":189.6}],"ix":10}},"ef":[],"shapes":[{"ty":"gr","bm":0,"cl":"","ln":"","hd":false,"mn":"ADBE Vector Group","nm":"Groupe 3","ix":1,"cix":2,"np":2,"it":[{"ty":"sh","bm":0,"cl":"","ln":"","hd":false,"mn":"ADBE Vector Shape - Group","nm":"Tracé 1","ix":1,"d":1,"ks":{"a":0,"k":{"c":true,"i":[[-19.304,-3.036],[3.014,-19.158],[19.304,3.036],[-3.013,19.157]],"o":[[19.304,3.036],[-3.013,19.157],[-19.304,-3.036],[3.013,-19.157]],"v":[[5.456,-34.687],[34.952,5.498],[-5.456,34.687],[-34.954,-5.498]]},"ix":2}},{"ty":"fl","bm":0,"cl":"","ln":"","hd":false,"mn":"ADBE Vector Graphic - Fill","nm":"Fond 1","c":{"a":0,"k":[0,0.4314,0.9765],"ix":4},"r":1,"o":{"a":0,"k":100,"ix":5}},{"ty":"tr","a":{"a":0,"k":[178.252,-110.855],"ix":1},"s":{"a":0,"k":[100,100],"ix":3},"sk":{"a":0,"k":0,"ix":4},"p":{"a":0,"k":[314.813,395.595],"ix":2},"r":{"a":1,"k":[{"o":{"x":0.167,"y":0.167},"i":{"x":0.833,"y":0.833},"s":[0],"t":0},{"o":{"x":0.167,"y":0.167},"i":{"x":0.833,"y":0.833},"s":[-360],"t":189.6}],"ix":6},"sa":{"a":0,"k":0,"ix":5},"o":{"a":0,"k":100,"ix":7}}]}],"ind":2,"parent":6},{"ty":4,"nm":"Forme Silhouettes - Groupe 4","mn":"","sr":1,"st":-104.4,"op":345.6,"ip":-104.4,"hd":false,"cl":"","ln":"","ddd":0,"bm":0,"tt":0,"hasMask":false,"td":0,"ao":0,"ks":{"a":{"a":0,"k":[328.538,390.521,0],"ix":1},"s":{"a":0,"k":[100,100,100],"ix":6},"sk":{"a":0,"k":0},"p":{"a":0,"k":[328.538,390.521,0],"ix":2},"sa":{"a":0,"k":0},"o":{"a":0,"k":100,"ix":11},"r":{"a":1,"k":[{"o":{"x":0.167,"y":0.167},"i":{"x":0.833,"y":0.833},"s":[0],"t":0},{"o":{"x":0.167,"y":0.167},"i":{"x":0.833,"y":0.833},"s":[-360],"t":189.6}],"ix":10}},"ef":[],"shapes":[{"ty":"gr","bm":0,"cl":"","ln":"","hd":false,"mn":"ADBE Vector Group","nm":"Groupe 4","ix":1,"cix":2,"np":2,"it":[{"ty":"sh","bm":0,"cl":"","ln":"","hd":false,"mn":"ADBE Vector Shape - Group","nm":"Tracé 1","ix":1,"d":1,"ks":{"a":0,"k":{"c":true,"i":[[-14.054,-2.211],[2.193,-13.947],[14.054,2.21],[-2.194,13.946]],"o":[[14.054,2.211],[-2.194,13.947],[-14.055,-2.211],[2.193,-13.947]],"v":[[3.973,-25.253],[25.448,4.003],[-3.971,25.254],[-25.446,-4.002]]},"ix":2}},{"ty":"fl","bm":0,"cl":"","ln":"","hd":false,"mn":"ADBE Vector Graphic - Fill","nm":"Fond 1","c":{"a":0,"k":[0,0.4314,0.9765],"ix":4},"r":1,"o":{"a":0,"k":100,"ix":5}},{"ty":"tr","a":{"a":0,"k":[211.877,-151.982],"ix":1},"s":{"a":0,"k":[100,100],"ix":3},"sk":{"a":0,"k":0,"ix":4},"p":{"a":0,"k":[314.333,387.945],"ix":2},"r":{"a":0,"k":319.417,"ix":6},"sa":{"a":0,"k":0,"ix":5},"o":{"a":0,"k":100,"ix":7}}]}],"ind":3,"parent":6},{"ty":4,"nm":"Forme Silhouettes - Groupe 5","mn":"","sr":1,"st":-104.4,"op":345.6,"ip":-104.4,"hd":false,"cl":"","ln":"","ddd":0,"bm":0,"tt":0,"hasMask":false,"td":0,"ao":0,"ks":{"a":{"a":0,"k":[322.85,392.409,0],"ix":1},"s":{"a":0,"k":[100,100,100],"ix":6},"sk":{"a":0,"k":0},"p":{"a":0,"k":[322.85,392.409,0],"ix":2},"sa":{"a":0,"k":0},"o":{"a":0,"k":100,"ix":11},"r":{"a":1,"k":[{"o":{"x":0.167,"y":0.167},"i":{"x":0.833,"y":0.833},"s":[0],"t":0},{"o":{"x":0.167,"y":0.167},"i":{"x":0.833,"y":0.833},"s":[-360],"t":189.6}],"ix":10}},"ef":[],"shapes":[{"ty":"gr","bm":0,"cl":"","ln":"","hd":false,"mn":"ADBE Vector Group","nm":"Groupe 5","ix":1,"cix":2,"np":2,"it":[{"ty":"sh","bm":0,"cl":"","ln":"","hd":false,"mn":"ADBE Vector Shape - Group","nm":"Tracé 1","ix":1,"d":1,"ks":{"a":0,"k":{"c":true,"i":[[-7.515,-1.182],[1.173,-7.458],[7.515,1.182],[-1.173,7.458]],"o":[[7.515,1.182],[-1.173,7.457],[-7.515,-1.181],[1.173,-7.458]],"v":[[2.124,-13.503],[13.607,2.141],[-2.124,13.503],[-13.607,-2.14]]},"ix":2}},{"ty":"fl","bm":0,"cl":"","ln":"","hd":false,"mn":"ADBE Vector Graphic - Fill","nm":"Fond 1","c":{"a":0,"k":[0,0.9176,0.7333],"ix":4},"r":1,"o":{"a":0,"k":100,"ix":5}},{"ty":"tr","a":{"a":0,"k":[0,0],"ix":1},"s":{"a":0,"k":[100,100],"ix":3},"sk":{"a":0,"k":0,"ix":4},"p":{"a":0,"k":[460.85,174.409],"ix":2},"r":{"a":1,"k":[{"o":{"x":0.167,"y":0.167},"i":{"x":0.833,"y":0.833},"s":[0],"t":0},{"o":{"x":0.167,"y":0.167},"i":{"x":0.833,"y":0.833},"s":[-360],"t":189.6}],"ix":6},"sa":{"a":0,"k":0,"ix":5},"o":{"a":0,"k":100,"ix":7}}]}],"ind":4,"parent":6},{"ty":4,"nm":"Forme Silhouettes - Groupe 6","mn":"","sr":1,"st":-104.4,"op":345.6,"ip":-104.4,"hd":false,"cl":"","ln":"","ddd":0,"bm":0,"tt":0,"hasMask":false,"td":0,"ao":0,"ks":{"a":{"a":0,"k":[329.838,401.84,0],"ix":1},"s":{"a":0,"k":[100,100,100],"ix":6},"sk":{"a":0,"k":0},"p":{"a":0,"k":[329.838,401.84,0],"ix":2},"sa":{"a":0,"k":0},"o":{"a":0,"k":100,"ix":11},"r":{"a":1,"k":[{"o":{"x":0.167,"y":0.167},"i":{"x":0.833,"y":0.833},"s":[0],"t":0},{"o":{"x":0.167,"y":0.167},"i":{"x":0.833,"y":0.833},"s":[-360],"t":189.6}],"ix":10}},"ef":[],"shapes":[{"ty":"gr","bm":0,"cl":"","ln":"","hd":false,"mn":"ADBE Vector Group","nm":"Groupe 6","ix":1,"cix":2,"np":2,"it":[{"ty":"sh","bm":0,"cl":"","ln":"","hd":false,"mn":"ADBE Vector Shape - Group","nm":"Tracé 1","ix":1,"d":1,"ks":{"a":0,"k":{"c":true,"i":[[-86.707,-13.639],[10.515,-66.846],[86.706,13.639],[-10.514,66.845]],"o":[[86.707,13.638],[-10.515,66.846],[-86.707,-13.637],[10.514,-66.847]],"v":[[19.038,-121.036],[156.995,24.694],[-19.039,121.035],[-156.996,-24.694]]},"ix":2}},{"ty":"fl","bm":0,"cl":"","ln":"","hd":false,"mn":"ADBE Vector Graphic - Fill","nm":"Fond 1","c":{"a":0,"k":[0.2118,0.7804,1],"ix":4},"r":1,"o":{"a":0,"k":100,"ix":5}},{"ty":"tr","a":{"a":0,"k":[0,0],"ix":1},"s":{"a":0,"k":[100,100],"ix":3},"sk":{"a":0,"k":0,"ix":4},"p":{"a":0,"k":[329.839,401.84],"ix":2},"r":{"a":1,"k":[{"o":{"x":0.167,"y":0.167},"i":{"x":0.833,"y":0.833},"s":[-720],"t":0},{"o":{"x":0.167,"y":0.167},"i":{"x":0.833,"y":0.833},"s":[-720],"t":189.6}],"ix":6},"sa":{"a":0,"k":0,"ix":5},"o":{"a":0,"k":100,"ix":7}}]}],"ind":5,"parent":6},{"ty":4,"nm":"Forme Silhouettes","mn":"","sr":1,"st":-104.4,"op":345.6,"ip":-104.4,"hd":false,"cl":"","ln":"","ddd":0,"bm":0,"tt":0,"hasMask":false,"td":0,"ao":0,"ks":{"a":{"a":0,"k":[313.46,391.641,0],"ix":1},"s":{"a":0,"k":[100,100,100],"ix":6},"sk":{"a":0,"k":0},"p":{"a":0,"k":[328,359,0],"ix":2},"sa":{"a":0,"k":0},"o":{"a":0,"k":100,"ix":11},"r":{"a":1,"k":[{"o":{"x":0.167,"y":0.167},"i":{"x":0.833,"y":0.833},"s":[0],"t":0},{"o":{"x":0.167,"y":0.167},"i":{"x":0.833,"y":0.833},"s":[-360],"t":189.6}],"ix":10}},"ef":[],"shapes":[{"ty":"gr","bm":0,"cl":"","ln":"","hd":false,"mn":"ADBE Vector Group","nm":"Groupe 7","ix":1,"cix":2,"np":2,"it":[{"ty":"sh","bm":0,"cl":"","ln":"","hd":false,"mn":"ADBE Vector Shape - Group","nm":"Tracé 1","ix":1,"d":1,"ks":{"a":0,"k":{"c":true,"i":[[43.887,-76.013],[58.602,33.834],[-43.886,76.013],[-58.602,-33.834]],"o":[[-43.886,76.014],[-58.602,-33.834],[43.886,-76.013],[58.603,33.834]],"v":[[106.109,61.262],[-79.463,137.634],[-106.109,-61.262],[79.462,-137.634]]},"ix":2}},{"ty":"fl","bm":0,"cl":"","ln":"","hd":false,"mn":"ADBE Vector Graphic - Fill","nm":"Fond 1","c":{"a":0,"k":[0,0.8745,0.6784],"ix":4},"r":1,"o":{"a":0,"k":100,"ix":5}},{"ty":"tr","a":{"a":0,"k":[0,0],"ix":1},"s":{"a":0,"k":[100,100],"ix":3},"sk":{"a":0,"k":0,"ix":4},"p":{"a":0,"k":[332.502,397.401],"ix":2},"r":{"a":1,"k":[{"o":{"x":0.167,"y":0.167},"i":{"x":0.833,"y":0.833},"s":[0],"t":0},{"o":{"x":0.167,"y":0.167},"i":{"x":0.833,"y":0.833},"s":[-360],"t":189.6}],"ix":6},"sa":{"a":0,"k":0,"ix":5},"o":{"a":0,"k":100,"ix":7}}]}],"ind":6}],"id":"comp_4","fr":30}]}