{"v":"5.5.7","meta":{"g":"LottieFiles AE 0.1.20","a":"","k":"","d":"","tc":""},"fr":60,"ip":0,"op":600,"w":500,"h":500,"nm":"Flexibility_Slider","ddd":0,"assets":[],"layers":[{"ddd":0,"ind":1,"ty":4,"nm":"Slider_top Outlines","sr":1,"ks":{"o":{"a":0,"k":100,"ix":11},"r":{"a":0,"k":0,"ix":10},"p":{"a":1,"k":[{"i":{"x":0.527,"y":1},"o":{"x":0.811,"y":0},"t":52,"s":[45.671,76.49,0],"to":[68.221,0,0],"ti":[0.079,0.53,0]},{"i":{"x":0.586,"y":1},"o":{"x":0.349,"y":0},"t":181,"s":[455,76.49,0],"to":[-0.01,-0.069,0],"ti":[0.079,0.53,0]},{"i":{"x":0.579,"y":1},"o":{"x":0.826,"y":0},"t":233,"s":[455,76.49,0],"to":[-0.01,-0.069,0],"ti":[59.387,0,0]},{"t":315,"s":[45.671,76.49,0]}],"ix":2},"a":{"a":0,"k":[34.379,57.406,0],"ix":1},"s":{"a":0,"k":[100,100,100],"ix":6}},"ao":0,"shapes":[{"ty":"gr","it":[{"ind":0,"ty":"sh","ix":1,"ks":{"a":0,"k":{"i":[[-18.849,0],[0,0],[0,18.849],[0,0],[18.849,0],[0,-18.849],[0,0]],"o":[[0,0],[18.849,0],[0,0],[0,-18.849],[-18.849,0],[0,0],[0,18.849]],"v":[[0,57.156],[0,57.156],[34.129,23.027],[34.129,-23.027],[0,-57.156],[-34.129,-23.027],[-34.129,23.027]],"c":true},"ix":2},"nm":"Path 1","mn":"ADBE Vector Shape - Group","hd":false},{"ty":"fl","c":{"a":0,"k":[0.987999949736,0.051000000449,0.211999990426,1],"ix":4},"o":{"a":0,"k":100,"ix":5},"r":1,"bm":0,"nm":"Fill 1","mn":"ADBE Vector Graphic - Fill","hd":false},{"ty":"tr","p":{"a":0,"k":[34.379,57.406],"ix":2},"a":{"a":0,"k":[0,0],"ix":1},"s":{"a":0,"k":[100,100],"ix":3},"r":{"a":0,"k":0,"ix":6},"o":{"a":0,"k":100,"ix":7},"sk":{"a":0,"k":0,"ix":4},"sa":{"a":0,"k":0,"ix":5},"nm":"Transform"}],"nm":"Group 1","np":2,"cix":2,"bm":0,"ix":1,"mn":"ADBE Vector Group","hd":false}],"ip":-36,"op":652,"st":52,"bm":0},{"ddd":0,"ind":2,"ty":4,"nm":"Slider_Middle Outlines","sr":1,"ks":{"o":{"a":0,"k":100,"ix":11},"r":{"a":0,"k":0,"ix":10},"p":{"a":1,"k":[{"i":{"x":0.527,"y":1},"o":{"x":0.811,"y":0},"t":23,"s":[45.671,243.178,0],"to":[68.221,-0.53,0],"ti":[0.079,0.53,0]},{"i":{"x":0.542,"y":1},"o":{"x":0.349,"y":0},"t":152,"s":[455,240,0],"to":[-0.01,-0.069,0],"ti":[0.079,0.53,0]},{"i":{"x":0.542,"y":1},"o":{"x":0.816,"y":0},"t":204,"s":[455,240,0],"to":[-0.01,-0.069,0],"ti":[59.387,0,0]},{"t":286,"s":[45.2,240,0]}],"ix":2},"a":{"a":0,"k":[34.379,57.406,0],"ix":1},"s":{"a":0,"k":[100,100,100],"ix":6}},"ao":0,"shapes":[{"ty":"gr","it":[{"ind":0,"ty":"sh","ix":1,"ks":{"a":0,"k":{"i":[[-18.849,0],[0,0],[0,18.849],[0,0],[18.849,0],[0,-18.849],[0,0]],"o":[[0,0],[18.849,0],[0,0],[0,-18.849],[-18.849,0],[0,0],[0,18.849]],"v":[[0,57.156],[0,57.156],[34.129,23.027],[34.129,-23.027],[0,-57.156],[-34.129,-23.027],[-34.129,23.027]],"c":true},"ix":2},"nm":"Path 1","mn":"ADBE Vector Shape - Group","hd":false},{"ty":"fl","c":{"a":0,"k":[0.987999949736,0.051000000449,0.211999990426,1],"ix":4},"o":{"a":0,"k":100,"ix":5},"r":1,"bm":0,"nm":"Fill 1","mn":"ADBE Vector Graphic - Fill","hd":false},{"ty":"tr","p":{"a":0,"k":[34.379,57.406],"ix":2},"a":{"a":0,"k":[0,0],"ix":1},"s":{"a":0,"k":[100,100],"ix":3},"r":{"a":0,"k":0,"ix":6},"o":{"a":0,"k":100,"ix":7},"sk":{"a":0,"k":0,"ix":4},"sa":{"a":0,"k":0,"ix":5},"nm":"Transform"}],"nm":"Group 1","np":2,"cix":2,"bm":0,"ix":1,"mn":"ADBE Vector Group","hd":false}],"ip":-53,"op":623,"st":23,"bm":0},{"ddd":0,"ind":3,"ty":4,"nm":"Slider_Bottom Outlines","sr":1,"ks":{"o":{"a":0,"k":100,"ix":11},"r":{"a":0,"k":0,"ix":10},"p":{"a":1,"k":[{"i":{"x":0.527,"y":1},"o":{"x":0.811,"y":0},"t":0,"s":[45.671,408.94,0],"to":[68.221,0,0],"ti":[0.079,0.53,0]},{"i":{"x":0.577,"y":1},"o":{"x":0.349,"y":0},"t":129,"s":[455,408.94,0],"to":[-0.01,-0.069,0],"ti":[0.079,0.53,0]},{"i":{"x":0.572,"y":1},"o":{"x":0.736,"y":0},"t":181,"s":[455,408.94,0],"to":[-0.01,-0.069,0],"ti":[59.387,0,0]},{"t":263,"s":[45.671,408.94,0]}],"ix":2},"a":{"a":0,"k":[34.379,57.406,0],"ix":1},"s":{"a":0,"k":[100,100,100],"ix":6}},"ao":0,"shapes":[{"ty":"gr","it":[{"ind":0,"ty":"sh","ix":1,"ks":{"a":0,"k":{"i":[[-18.849,0],[0,0],[0,18.849],[0,0],[18.849,0],[0,-18.848],[0,0]],"o":[[0,0],[18.849,0],[0,0],[0,-18.848],[-18.849,0],[0,0],[0,18.849]],"v":[[0,57.156],[0,57.156],[34.129,23.027],[34.129,-23.027],[0,-57.156],[-34.129,-23.027],[-34.129,23.027]],"c":true},"ix":2},"nm":"Path 1","mn":"ADBE Vector Shape - Group","hd":false},{"ty":"fl","c":{"a":0,"k":[0.987999949736,0.051000000449,0.211999990426,1],"ix":4},"o":{"a":0,"k":100,"ix":5},"r":1,"bm":0,"nm":"Fill 1","mn":"ADBE Vector Graphic - Fill","hd":false},{"ty":"tr","p":{"a":0,"k":[34.379,57.406],"ix":2},"a":{"a":0,"k":[0,0],"ix":1},"s":{"a":0,"k":[100,100],"ix":3},"r":{"a":0,"k":0,"ix":6},"o":{"a":0,"k":100,"ix":7},"sk":{"a":0,"k":0,"ix":4},"sa":{"a":0,"k":0,"ix":5},"nm":"Transform"}],"nm":"Group 1","np":2,"cix":2,"bm":0,"ix":1,"mn":"ADBE Vector Group","hd":false}],"ip":0,"op":600,"st":0,"bm":0},{"ddd":0,"ind":4,"ty":4,"nm":"Shape Layer 1","td":1,"sr":1,"ks":{"o":{"a":0,"k":100,"ix":11},"r":{"a":0,"k":0,"ix":10},"p":{"a":1,"k":[{"i":{"x":0.599,"y":1},"o":{"x":0.895,"y":0},"t":0,"s":[250,250,0],"to":[71.624,0.875,0],"ti":[-71.624,-0.875,0]},{"i":{"x":0.518,"y":0.518},"o":{"x":0.333,"y":0.333},"t":186,"s":[679.746,255.25,0],"to":[0,0,0],"ti":[0,0,0]},{"i":{"x":0.549,"y":1},"o":{"x":0.921,"y":0},"t":235,"s":[679.746,255.25,0],"to":[-70,0,0],"ti":[70,0,0]},{"t":315,"s":[259.746,255.25,0]}],"ix":2},"a":{"a":0,"k":[0,0,0],"ix":1},"s":{"a":0,"k":[100,100,100],"ix":6}},"ao":0,"shapes":[{"ty":"gr","it":[{"ty":"rc","d":1,"s":{"a":0,"k":[478.508,90.5],"ix":2},"p":{"a":0,"k":[0,0],"ix":3},"r":{"a":0,"k":0,"ix":4},"nm":"Rectangle Path 1","mn":"ADBE Vector Shape - Rect","hd":false},{"ty":"fl","c":{"a":0,"k":[0.06720459882,0.787760416667,0.053917204165,1],"ix":4},"o":{"a":0,"k":100,"ix":5},"r":1,"bm":0,"nm":"Fill 1","mn":"ADBE Vector Graphic - Fill","hd":false},{"ty":"tr","p":{"a":0,"k":[0.254,-175.25],"ix":2},"a":{"a":0,"k":[0,0],"ix":1},"s":{"a":0,"k":[100,100],"ix":3},"r":{"a":0,"k":0,"ix":6},"o":{"a":0,"k":100,"ix":7},"sk":{"a":0,"k":0,"ix":4},"sa":{"a":0,"k":0,"ix":5},"nm":"Transform"}],"nm":"Rectangle 1","np":3,"cix":2,"bm":0,"ix":1,"mn":"ADBE Vector Group","hd":false}],"ip":0,"op":600,"st":0,"bm":0},{"ddd":0,"ind":5,"ty":4,"nm":"Slide_Top Outlines","tt":1,"sr":1,"ks":{"o":{"a":0,"k":100,"ix":11},"r":{"a":0,"k":0,"ix":10},"p":{"a":0,"k":[250,76.491,0],"ix":2},"a":{"a":0,"k":[237.919,33.968,0],"ix":1},"s":{"a":0,"k":[100,100,100],"ix":6}},"ao":0,"shapes":[{"ty":"gr","it":[{"ind":0,"ty":"sh","ix":1,"ks":{"a":0,"k":{"i":[[-18.622,0],[0,0],[0,18.622],[18.622,0],[0,0],[0,-18.622]],"o":[[0,0],[18.622,0],[0,-18.622],[0,0],[-18.622,0],[0,18.622]],"v":[[-203.952,33.718],[203.951,33.718],[237.669,0],[203.951,-33.718],[-203.952,-33.718],[-237.669,0]],"c":true},"ix":2},"nm":"Path 1","mn":"ADBE Vector Shape - Group","hd":false},{"ty":"fl","c":{"a":0,"k":[0.791999966491,0.851000019148,0.948999980852,1],"ix":4},"o":{"a":0,"k":100,"ix":5},"r":1,"bm":0,"nm":"Fill 1","mn":"ADBE Vector Graphic - Fill","hd":false},{"ty":"tr","p":{"a":0,"k":[237.919,33.968],"ix":2},"a":{"a":0,"k":[0,0],"ix":1},"s":{"a":0,"k":[100,100],"ix":3},"r":{"a":0,"k":0,"ix":6},"o":{"a":0,"k":100,"ix":7},"sk":{"a":0,"k":0,"ix":4},"sa":{"a":0,"k":0,"ix":5},"nm":"Transform"}],"nm":"Group 1","np":2,"cix":2,"bm":0,"ix":1,"mn":"ADBE Vector Group","hd":false},{"ty":"tm","s":{"a":0,"k":0,"ix":1},"e":{"a":0,"k":100,"ix":2},"o":{"a":0,"k":0,"ix":3},"m":1,"ix":2,"nm":"Trim Paths 1","mn":"ADBE Vector Filter - Trim","hd":false}],"ip":0,"op":600,"st":0,"bm":0},{"ddd":0,"ind":6,"ty":4,"nm":"Shape Layer 2","td":1,"sr":1,"ks":{"o":{"a":0,"k":100,"ix":11},"r":{"a":0,"k":0,"ix":10},"p":{"a":1,"k":[{"i":{"x":0.559,"y":1},"o":{"x":0.672,"y":0},"t":6.791,"s":[250,250,0],"to":[74.5,0,0],"ti":[-74.5,0,0]},{"i":{"x":0.698,"y":0.698},"o":{"x":0.167,"y":0.167},"t":165.998,"s":[697,250,0],"to":[0,0,0],"ti":[0,0,0]},{"i":{"x":0.627,"y":1},"o":{"x":0.825,"y":0},"t":205,"s":[697,250,0],"to":[-74.417,-0.069,0],"ti":[74.417,0.069,0]},{"t":285,"s":[250.5,249.584,0]}],"ix":2},"a":{"a":0,"k":[0,0,0],"ix":1},"s":{"a":0,"k":[100,100,100],"ix":6}},"ao":0,"shapes":[{"ty":"gr","it":[{"ty":"rc","d":1,"s":{"a":0,"k":[488.633,80],"ix":2},"p":{"a":0,"k":[0,0],"ix":3},"r":{"a":0,"k":0,"ix":4},"nm":"Rectangle Path 1","mn":"ADBE Vector Shape - Rect","hd":false},{"ty":"fl","c":{"a":0,"k":[0.06720459882,0.787760416667,0.053917204165,1],"ix":4},"o":{"a":0,"k":100,"ix":5},"r":1,"bm":0,"nm":"Fill 1","mn":"ADBE Vector Graphic - Fill","hd":false},{"ty":"tr","p":{"a":0,"k":[-0.582,-9.584],"ix":2},"a":{"a":0,"k":[0,0],"ix":1},"s":{"a":0,"k":[98.029,100],"ix":3},"r":{"a":0,"k":0,"ix":6},"o":{"a":0,"k":100,"ix":7},"sk":{"a":0,"k":0,"ix":4},"sa":{"a":0,"k":0,"ix":5},"nm":"Transform"}],"nm":"Rectangle 1","np":3,"cix":2,"bm":0,"ix":1,"mn":"ADBE Vector Group","hd":false}],"ip":0,"op":600,"st":0,"bm":0},{"ddd":0,"ind":7,"ty":4,"nm":"Slide_Middle Outlines","tt":1,"sr":1,"ks":{"o":{"a":0,"k":100,"ix":11},"r":{"a":0,"k":0,"ix":10},"p":{"a":0,"k":[250,243.178,0],"ix":2},"a":{"a":0,"k":[237.919,33.968,0],"ix":1},"s":{"a":0,"k":[100,100,100],"ix":6}},"ao":0,"shapes":[{"ty":"gr","it":[{"ind":0,"ty":"sh","ix":1,"ks":{"a":0,"k":{"i":[[-18.622,0],[0,0],[0,18.622],[18.622,0],[0,0],[0,-18.621]],"o":[[0,0],[18.622,0],[0,-18.621],[0,0],[-18.622,0],[0,18.622]],"v":[[-203.952,33.718],[203.951,33.718],[237.669,0],[203.951,-33.718],[-203.952,-33.718],[-237.669,0]],"c":true},"ix":2},"nm":"Path 1","mn":"ADBE Vector Shape - Group","hd":false},{"ty":"fl","c":{"a":0,"k":[0.791999966491,0.851000019148,0.948999980852,1],"ix":4},"o":{"a":0,"k":100,"ix":5},"r":1,"bm":0,"nm":"Fill 1","mn":"ADBE Vector Graphic - Fill","hd":false},{"ty":"tr","p":{"a":0,"k":[237.919,33.968],"ix":2},"a":{"a":0,"k":[0,0],"ix":1},"s":{"a":0,"k":[100,100],"ix":3},"r":{"a":0,"k":0,"ix":6},"o":{"a":0,"k":100,"ix":7},"sk":{"a":0,"k":0,"ix":4},"sa":{"a":0,"k":0,"ix":5},"nm":"Transform"}],"nm":"Group 1","np":2,"cix":2,"bm":0,"ix":1,"mn":"ADBE Vector Group","hd":false}],"ip":0,"op":600,"st":0,"bm":0},{"ddd":0,"ind":8,"ty":4,"nm":"Shape Layer 3","td":1,"sr":1,"ks":{"o":{"a":0,"k":100,"ix":11},"r":{"a":0,"k":0,"ix":10},"p":{"a":1,"k":[{"i":{"x":0.565,"y":1},"o":{"x":0.772,"y":0},"t":0.867,"s":[250,250,0],"to":[79.667,0.333,0],"ti":[-79.667,-0.333,0]},{"i":{"x":0.753,"y":0.753},"o":{"x":0.167,"y":0.167},"t":128,"s":[728,252,0],"to":[0,0,0],"ti":[0,0,0]},{"i":{"x":0.686,"y":1},"o":{"x":0.661,"y":0},"t":181,"s":[728,252,0],"to":[-80,0,0],"ti":[80,0,0]},{"t":263,"s":[248,252,0]}],"ix":2},"a":{"a":0,"k":[0,0,0],"ix":1},"s":{"a":0,"k":[100,100,100],"ix":6}},"ao":0,"shapes":[{"ty":"gr","it":[{"ty":"rc","d":1,"s":{"a":0,"k":[481.934,220],"ix":2},"p":{"a":0,"k":[0,0],"ix":3},"r":{"a":0,"k":0,"ix":4},"nm":"Rectangle Path 1","mn":"ADBE Vector Shape - Rect","hd":false},{"ty":"fl","c":{"a":0,"k":[1,1,1,1],"ix":4},"o":{"a":0,"k":100,"ix":5},"r":1,"bm":0,"nm":"Fill 1","mn":"ADBE Vector Graphic - Fill","hd":false},{"ty":"tr","p":{"a":0,"k":[1.584,140],"ix":2},"a":{"a":0,"k":[0,0],"ix":1},"s":{"a":0,"k":[100,100],"ix":3},"r":{"a":0,"k":0,"ix":6},"o":{"a":0,"k":100,"ix":7},"sk":{"a":0,"k":0,"ix":4},"sa":{"a":0,"k":0,"ix":5},"nm":"Transform"}],"nm":"Rectangle 1","np":3,"cix":2,"bm":0,"ix":1,"mn":"ADBE Vector Group","hd":false}],"ip":0,"op":600,"st":0,"bm":0},{"ddd":0,"ind":9,"ty":4,"nm":"Slide_Bottom Outlines","tt":1,"sr":1,"ks":{"o":{"a":0,"k":100,"ix":11},"r":{"a":0,"k":0,"ix":10},"p":{"a":0,"k":[250,408.939,0],"ix":2},"a":{"a":0,"k":[237.919,33.968,0],"ix":1},"s":{"a":0,"k":[100,100,100],"ix":6}},"ao":0,"shapes":[{"ty":"gr","it":[{"ind":0,"ty":"sh","ix":1,"ks":{"a":0,"k":{"i":[[-18.622,0],[0,0],[0,18.622],[18.622,0],[0,0],[0,-18.621]],"o":[[0,0],[18.622,0],[0,-18.621],[0,0],[-18.622,0],[0,18.622]],"v":[[-203.952,33.718],[203.951,33.718],[237.669,0],[203.951,-33.718],[-203.952,-33.718],[-237.669,0]],"c":true},"ix":2},"nm":"Path 1","mn":"ADBE Vector Shape - Group","hd":false},{"ty":"fl","c":{"a":0,"k":[0.791999966491,0.851000019148,0.948999980852,1],"ix":4},"o":{"a":0,"k":100,"ix":5},"r":1,"bm":0,"nm":"Fill 1","mn":"ADBE Vector Graphic - Fill","hd":false},{"ty":"tr","p":{"a":0,"k":[237.919,33.968],"ix":2},"a":{"a":0,"k":[0,0],"ix":1},"s":{"a":0,"k":[100,100],"ix":3},"r":{"a":0,"k":0,"ix":6},"o":{"a":0,"k":100,"ix":7},"sk":{"a":0,"k":0,"ix":4},"sa":{"a":0,"k":0,"ix":5},"nm":"Transform"}],"nm":"Group 1","np":2,"cix":2,"bm":0,"ix":1,"mn":"ADBE Vector Group","hd":false}],"ip":0,"op":600,"st":0,"bm":0},{"ddd":0,"ind":10,"ty":4,"nm":"Slide_Top Outlines 2","sr":1,"ks":{"o":{"a":0,"k":100,"ix":11},"r":{"a":0,"k":0,"ix":10},"p":{"a":0,"k":[250,76.491,0],"ix":2},"a":{"a":0,"k":[237.919,33.968,0],"ix":1},"s":{"a":0,"k":[100,100,100],"ix":6}},"ao":0,"shapes":[{"ty":"gr","it":[{"ind":0,"ty":"sh","ix":1,"ks":{"a":0,"k":{"i":[[-18.622,0],[0,0],[0,18.622],[18.622,0],[0,0],[0,-18.622]],"o":[[0,0],[18.622,0],[0,-18.622],[0,0],[-18.622,0],[0,18.622]],"v":[[-203.952,33.718],[203.951,33.718],[237.669,0],[203.951,-33.718],[-203.952,-33.718],[-237.669,0]],"c":true},"ix":2},"nm":"Path 1","mn":"ADBE Vector Shape - Group","hd":false},{"ty":"fl","c":{"a":0,"k":[0.039215686275,0.121568627451,0.243137254902,1],"ix":4},"o":{"a":0,"k":100,"ix":5},"r":1,"bm":0,"nm":"Fill 1","mn":"ADBE Vector Graphic - Fill","hd":false},{"ty":"tr","p":{"a":0,"k":[237.919,33.968],"ix":2},"a":{"a":0,"k":[0,0],"ix":1},"s":{"a":0,"k":[100,100],"ix":3},"r":{"a":0,"k":0,"ix":6},"o":{"a":0,"k":100,"ix":7},"sk":{"a":0,"k":0,"ix":4},"sa":{"a":0,"k":0,"ix":5},"nm":"Transform"}],"nm":"Group 1","np":2,"cix":2,"bm":0,"ix":1,"mn":"ADBE Vector Group","hd":false}],"ip":0,"op":600,"st":0,"bm":0},{"ddd":0,"ind":11,"ty":4,"nm":"Slide_Middle Outlines 2","sr":1,"ks":{"o":{"a":0,"k":100,"ix":11},"r":{"a":0,"k":0,"ix":10},"p":{"a":0,"k":[250,243.178,0],"ix":2},"a":{"a":0,"k":[237.919,33.968,0],"ix":1},"s":{"a":0,"k":[100,100,100],"ix":6}},"ao":0,"shapes":[{"ty":"gr","it":[{"ind":0,"ty":"sh","ix":1,"ks":{"a":0,"k":{"i":[[-18.622,0],[0,0],[0,18.622],[18.622,0],[0,0],[0,-18.621]],"o":[[0,0],[18.622,0],[0,-18.621],[0,0],[-18.622,0],[0,18.622]],"v":[[-203.952,33.718],[203.951,33.718],[237.669,0],[203.951,-33.718],[-203.952,-33.718],[-237.669,0]],"c":true},"ix":2},"nm":"Path 1","mn":"ADBE Vector Shape - Group","hd":false},{"ty":"fl","c":{"a":0,"k":[0.039215686275,0.121568627451,0.243137254902,1],"ix":4},"o":{"a":0,"k":100,"ix":5},"r":1,"bm":0,"nm":"Fill 1","mn":"ADBE Vector Graphic - Fill","hd":false},{"ty":"tr","p":{"a":0,"k":[237.919,33.968],"ix":2},"a":{"a":0,"k":[0,0],"ix":1},"s":{"a":0,"k":[100,100],"ix":3},"r":{"a":0,"k":0,"ix":6},"o":{"a":0,"k":100,"ix":7},"sk":{"a":0,"k":0,"ix":4},"sa":{"a":0,"k":0,"ix":5},"nm":"Transform"}],"nm":"Group 1","np":2,"cix":2,"bm":0,"ix":1,"mn":"ADBE Vector Group","hd":false}],"ip":0,"op":600,"st":0,"bm":0},{"ddd":0,"ind":12,"ty":4,"nm":"Slide_Bottom Outlines 2","sr":1,"ks":{"o":{"a":0,"k":100,"ix":11},"r":{"a":0,"k":0,"ix":10},"p":{"a":0,"k":[250,408.939,0],"ix":2},"a":{"a":0,"k":[237.919,33.968,0],"ix":1},"s":{"a":0,"k":[100,100,100],"ix":6}},"ao":0,"shapes":[{"ty":"gr","it":[{"ind":0,"ty":"sh","ix":1,"ks":{"a":0,"k":{"i":[[-18.622,0],[0,0],[0,18.622],[18.622,0],[0,0],[0,-18.621]],"o":[[0,0],[18.622,0],[0,-18.621],[0,0],[-18.622,0],[0,18.622]],"v":[[-203.952,33.718],[203.951,33.718],[237.669,0],[203.951,-33.718],[-203.952,-33.718],[-237.669,0]],"c":true},"ix":2},"nm":"Path 1","mn":"ADBE Vector Shape - Group","hd":false},{"ty":"fl","c":{"a":0,"k":[0.039215686275,0.121568627451,0.243137254902,1],"ix":4},"o":{"a":0,"k":100,"ix":5},"r":1,"bm":0,"nm":"Fill 1","mn":"ADBE Vector Graphic - Fill","hd":false},{"ty":"tr","p":{"a":0,"k":[237.919,33.968],"ix":2},"a":{"a":0,"k":[0,0],"ix":1},"s":{"a":0,"k":[100,100],"ix":3},"r":{"a":0,"k":0,"ix":6},"o":{"a":0,"k":100,"ix":7},"sk":{"a":0,"k":0,"ix":4},"sa":{"a":0,"k":0,"ix":5},"nm":"Transform"}],"nm":"Group 1","np":2,"cix":2,"bm":0,"ix":1,"mn":"ADBE Vector Group","hd":false}],"ip":0,"op":600,"st":0,"bm":0}],"markers":[]}