{"v":"5.6.9","fr":25,"ip":0,"op":250,"w":1125,"h":1125,"nm":"Comp 1","ddd":0,"assets":[],"fonts":{"list":[{"fName":"Cabin-Bold","fFamily":"Cabin","fStyle":"Bold","ascent":75}]},"layers":[{"ddd":0,"ind":1,"ty":5,"nm":"4.000","cl":"000","sr":1,"ks":{"o":{"a":0,"k":100,"ix":11},"r":{"a":0,"k":0,"ix":10},"p":{"a":0,"k":[553,443,0],"ix":2},"a":{"a":0,"k":[0,0,0],"ix":1},"s":{"a":0,"k":[100,100,100],"ix":6}},"ao":0,"t":{"d":{"k":[{"s":{"s":110,"f":"Cabin-Bold","t":"4.000","j":2,"tr":0,"lh":132,"ls":0,"fc":[1,1,1]},"t":0}]},"p":{},"m":{"g":1,"a":{"a":0,"k":[0,0],"ix":2}},"a":[]},"ip":208,"op":224,"st":0,"bm":0},{"ddd":0,"ind":2,"ty":5,"nm":"3.501","cl":"501","sr":1,"ks":{"o":{"a":0,"k":100,"ix":11},"r":{"a":0,"k":0,"ix":10},"p":{"a":0,"k":[553,443,0],"ix":2},"a":{"a":0,"k":[0,0,0],"ix":1},"s":{"a":0,"k":[100,100,100],"ix":6}},"ao":0,"t":{"d":{"k":[{"s":{"s":110,"f":"Cabin-Bold","t":"3.500","j":2,"tr":0,"lh":132,"ls":0,"fc":[1,1,1]},"t":0}]},"p":{},"m":{"g":1,"a":{"a":0,"k":[0,0],"ix":2}},"a":[]},"ip":224,"op":227,"st":36,"bm":0},{"ddd":0,"ind":3,"ty":5,"nm":"3.502","cl":"502","sr":1,"ks":{"o":{"a":0,"k":100,"ix":11},"r":{"a":0,"k":0,"ix":10},"p":{"a":0,"k":[553,443,0],"ix":2},"a":{"a":0,"k":[0,0,0],"ix":1},"s":{"a":0,"k":[100,100,100],"ix":6}},"ao":0,"t":{"d":{"k":[{"s":{"s":110,"f":"Cabin-Bold","t":"3.000","j":2,"tr":0,"lh":132,"ls":0,"fc":[1,1,1]},"t":0}]},"p":{},"m":{"g":1,"a":{"a":0,"k":[0,0],"ix":2}},"a":[]},"ip":227,"op":230,"st":57,"bm":0},{"ddd":0,"ind":4,"ty":5,"nm":"2.501","cl":"501","sr":1,"ks":{"o":{"a":0,"k":100,"ix":11},"r":{"a":0,"k":0,"ix":10},"p":{"a":0,"k":[553,443,0],"ix":2},"a":{"a":0,"k":[0,0,0],"ix":1},"s":{"a":0,"k":[100,100,100],"ix":6}},"ao":0,"t":{"d":{"k":[{"s":{"s":110,"f":"Cabin-Bold","t":"2.500","j":2,"tr":0,"lh":132,"ls":0,"fc":[1,1,1]},"t":0}]},"p":{},"m":{"g":1,"a":{"a":0,"k":[0,0],"ix":2}},"a":[]},"ip":230,"op":233,"st":82,"bm":0},{"ddd":0,"ind":5,"ty":5,"nm":"2.502","cl":"502","sr":1,"ks":{"o":{"a":0,"k":100,"ix":11},"r":{"a":0,"k":0,"ix":10},"p":{"a":0,"k":[553,443,0],"ix":2},"a":{"a":0,"k":[0,0,0],"ix":1},"s":{"a":0,"k":[100,100,100],"ix":6}},"ao":0,"t":{"d":{"k":[{"s":{"s":110,"f":"Cabin-Bold","t":"2.000","j":2,"tr":0,"lh":132,"ls":0,"fc":[1,1,1]},"t":0}]},"p":{},"m":{"g":1,"a":{"a":0,"k":[0,0],"ix":2}},"a":[]},"ip":233,"op":235,"st":105,"bm":0},{"ddd":0,"ind":6,"ty":5,"nm":"1.502","cl":"502","sr":1,"ks":{"o":{"a":0,"k":100,"ix":11},"r":{"a":0,"k":0,"ix":10},"p":{"a":0,"k":[553,443,0],"ix":2},"a":{"a":0,"k":[0,0,0],"ix":1},"s":{"a":0,"k":[100,100,100],"ix":6}},"ao":0,"t":{"d":{"k":[{"s":{"s":110,"f":"Cabin-Bold","t":"1.500","j":2,"tr":0,"lh":132,"ls":0,"fc":[1,1,1]},"t":0}]},"p":{},"m":{"g":1,"a":{"a":0,"k":[0,0],"ix":2}},"a":[]},"ip":235,"op":238,"st":127,"bm":0},{"ddd":0,"ind":7,"ty":5,"nm":"1.501","cl":"501","sr":1,"ks":{"o":{"a":0,"k":100,"ix":11},"r":{"a":0,"k":0,"ix":10},"p":{"a":0,"k":[553,443,0],"ix":2},"a":{"a":0,"k":[0,0,0],"ix":1},"s":{"a":0,"k":[100,100,100],"ix":6}},"ao":0,"t":{"d":{"k":[{"s":{"s":110,"f":"Cabin-Bold","t":"1.000","j":2,"tr":0,"lh":132,"ls":0,"fc":[1,1,1]},"t":0}]},"p":{},"m":{"g":1,"a":{"a":0,"k":[0,0],"ix":2}},"a":[]},"ip":238,"op":241,"st":150,"bm":0},{"ddd":0,"ind":8,"ty":5,"nm":"502","sr":1,"ks":{"o":{"a":0,"k":100,"ix":11},"r":{"a":0,"k":0,"ix":10},"p":{"a":0,"k":[553,443,0],"ix":2},"a":{"a":0,"k":[0,0,0],"ix":1},"s":{"a":0,"k":[100,100,100],"ix":6}},"ao":0,"t":{"d":{"k":[{"s":{"s":110,"f":"Cabin-Bold","t":"500","j":2,"tr":0,"lh":132,"ls":0,"fc":[1,1,1]},"t":0}]},"p":{},"m":{"g":1,"a":{"a":0,"k":[0,0],"ix":2}},"a":[]},"ip":241,"op":244,"st":173,"bm":0},{"ddd":0,"ind":9,"ty":5,"nm":"501","sr":1,"ks":{"o":{"a":0,"k":100,"ix":11},"r":{"a":0,"k":0,"ix":10},"p":{"a":0,"k":[553,443,0],"ix":2},"a":{"a":0,"k":[0,0,0],"ix":1},"s":{"a":0,"k":[100,100,100],"ix":6}},"ao":0,"t":{"d":{"k":[{"s":{"s":110,"f":"Cabin-Bold","t":"0","j":2,"tr":0,"lh":132,"ls":0,"fc":[1,1,1]},"t":0}]},"p":{},"m":{"g":1,"a":{"a":0,"k":[0,0],"ix":2}},"a":[]},"ip":244,"op":247,"st":196,"bm":0},{"ddd":0,"ind":10,"ty":5,"nm":"3.500","cl":"500","sr":1,"ks":{"o":{"a":0,"k":100,"ix":11},"r":{"a":0,"k":0,"ix":10},"p":{"a":0,"k":[553,443,0],"ix":2},"a":{"a":0,"k":[0,0,0],"ix":1},"s":{"a":0,"k":[100,100,100],"ix":6}},"ao":0,"t":{"d":{"k":[{"s":{"s":110,"f":"Cabin-Bold","t":"3.500","j":2,"tr":0,"lh":132,"ls":0,"fc":[1,1,1]},"t":0}]},"p":{},"m":{"g":1,"a":{"a":0,"k":[0,0],"ix":2}},"a":[]},"ip":188,"op":208,"st":0,"bm":0},{"ddd":0,"ind":11,"ty":5,"nm":"3.000","cl":"000","sr":1,"ks":{"o":{"a":0,"k":100,"ix":11},"r":{"a":0,"k":0,"ix":10},"p":{"a":0,"k":[553,443,0],"ix":2},"a":{"a":0,"k":[0,0,0],"ix":1},"s":{"a":0,"k":[100,100,100],"ix":6}},"ao":0,"t":{"d":{"k":[{"s":{"s":110,"f":"Cabin-Bold","t":"3.000","j":2,"tr":0,"lh":132,"ls":0,"fc":[1,1,1]},"t":0}]},"p":{},"m":{"g":1,"a":{"a":0,"k":[0,0],"ix":2}},"a":[]},"ip":168,"op":188,"st":0,"bm":0},{"ddd":0,"ind":12,"ty":5,"nm":"2.500","cl":"500","sr":1,"ks":{"o":{"a":0,"k":100,"ix":11},"r":{"a":0,"k":0,"ix":10},"p":{"a":0,"k":[553,443,0],"ix":2},"a":{"a":0,"k":[0,0,0],"ix":1},"s":{"a":0,"k":[100,100,100],"ix":6}},"ao":0,"t":{"d":{"k":[{"s":{"s":110,"f":"Cabin-Bold","t":"2.500","j":2,"tr":0,"lh":132,"ls":0,"fc":[1,1,1]},"t":0}]},"p":{},"m":{"g":1,"a":{"a":0,"k":[0,0],"ix":2}},"a":[]},"ip":148,"op":168,"st":0,"bm":0},{"ddd":0,"ind":13,"ty":5,"nm":"2.000","cl":"000","sr":1,"ks":{"o":{"a":0,"k":100,"ix":11},"r":{"a":0,"k":0,"ix":10},"p":{"a":0,"k":[553,443,0],"ix":2},"a":{"a":0,"k":[0,0,0],"ix":1},"s":{"a":0,"k":[100,100,100],"ix":6}},"ao":0,"t":{"d":{"k":[{"s":{"s":110,"f":"Cabin-Bold","t":"2.000","j":2,"tr":0,"lh":132,"ls":0,"fc":[1,1,1]},"t":0}]},"p":{},"m":{"g":1,"a":{"a":0,"k":[0,0],"ix":2}},"a":[]},"ip":128,"op":148,"st":0,"bm":0},{"ddd":0,"ind":14,"ty":5,"nm":"1.500","cl":"500","sr":1,"ks":{"o":{"a":0,"k":100,"ix":11},"r":{"a":0,"k":0,"ix":10},"p":{"a":0,"k":[553,443,0],"ix":2},"a":{"a":0,"k":[0,0,0],"ix":1},"s":{"a":0,"k":[100,100,100],"ix":6}},"ao":0,"t":{"d":{"k":[{"s":{"s":110,"f":"Cabin-Bold","t":"1.500","j":2,"tr":0,"lh":132,"ls":0,"fc":[1,1,1]},"t":0}]},"p":{},"m":{"g":1,"a":{"a":0,"k":[0,0],"ix":2}},"a":[]},"ip":108,"op":128,"st":0,"bm":0},{"ddd":0,"ind":15,"ty":5,"nm":"1.000","cl":"000","sr":1,"ks":{"o":{"a":0,"k":100,"ix":11},"r":{"a":0,"k":0,"ix":10},"p":{"a":0,"k":[553,443,0],"ix":2},"a":{"a":0,"k":[0,0,0],"ix":1},"s":{"a":0,"k":[100,100,100],"ix":6}},"ao":0,"t":{"d":{"k":[{"s":{"s":110,"f":"Cabin-Bold","t":"1.000","j":2,"tr":0,"lh":132,"ls":0,"fc":[1,1,1]},"t":0}]},"p":{},"m":{"g":1,"a":{"a":0,"k":[0,0],"ix":2}},"a":[]},"ip":88,"op":108,"st":0,"bm":0},{"ddd":0,"ind":16,"ty":5,"nm":"500","sr":1,"ks":{"o":{"a":0,"k":100,"ix":11},"r":{"a":0,"k":0,"ix":10},"p":{"a":0,"k":[553,443,0],"ix":2},"a":{"a":0,"k":[0,0,0],"ix":1},"s":{"a":0,"k":[100,100,100],"ix":6}},"ao":0,"t":{"d":{"k":[{"s":{"s":110,"f":"Cabin-Bold","t":"500","j":2,"tr":0,"lh":132,"ls":0,"fc":[1,1,1]},"t":0}]},"p":{},"m":{"g":1,"a":{"a":0,"k":[0,0],"ix":2}},"a":[]},"ip":68,"op":88,"st":0,"bm":0},{"ddd":0,"ind":17,"ty":5,"nm":"0","sr":1,"ks":{"o":{"a":0,"k":100,"ix":11},"r":{"a":0,"k":0,"ix":10},"p":{"a":0,"k":[553,443,0],"ix":2},"a":{"a":0,"k":[0,0,0],"ix":1},"s":{"a":0,"k":[100,100,100],"ix":6}},"ao":0,"t":{"d":{"k":[{"s":{"s":110,"f":"Cabin-Bold","t":"0","j":2,"tr":0,"lh":132,"ls":0,"fc":[1,1,1]},"t":0}]},"p":{},"m":{"g":1,"a":{"a":0,"k":[0,0],"ix":2}},"a":[]},"ip":48,"op":68,"st":0,"bm":0},{"ddd":0,"ind":19,"ty":4,"nm":"circulo","sr":1,"ks":{"o":{"a":0,"k":100,"ix":11},"r":{"a":0,"k":0,"ix":10},"p":{"a":1,"k":[{"i":{"x":0.833,"y":0.833},"o":{"x":0.167,"y":0.167},"t":48,"s":[147,744.9,0],"to":[0,0,0],"ti":[0,0,0]},{"i":{"x":0.833,"y":0.833},"o":{"x":0.167,"y":0.167},"t":65,"s":[247.626,744.9,0],"to":[0,0,0],"ti":[0,0,0]},{"i":{"x":0.833,"y":0.833},"o":{"x":0.167,"y":0.167},"t":71,"s":[262.402,744.9,0],"to":[0,0,0],"ti":[0,0,0]},{"i":{"x":0.833,"y":0.833},"o":{"x":0.167,"y":0.167},"t":85,"s":[347.973,744.9,0],"to":[0,0,0],"ti":[0,0,0]},{"i":{"x":0.833,"y":0.833},"o":{"x":0.167,"y":0.167},"t":91,"s":[362.706,744.9,0],"to":[0,0,0],"ti":[0,0,0]},{"i":{"x":0.833,"y":0.833},"o":{"x":0.167,"y":0.167},"t":105,"s":[448.33,744.9,0],"to":[0,0,0],"ti":[0,0,0]},{"i":{"x":0.833,"y":0.833},"o":{"x":0.167,"y":0.167},"t":111,"s":[463,744.9,0],"to":[0,0,0],"ti":[0,0,0]},{"i":{"x":0.833,"y":0.833},"o":{"x":0.167,"y":0.167},"t":125,"s":[548.701,744.9,0],"to":[0,0,0],"ti":[0,0,0]},{"i":{"x":0.833,"y":0.833},"o":{"x":0.167,"y":0.167},"t":131,"s":[563.279,744.9,0],"to":[0,0,0],"ti":[0,0,0]},{"i":{"x":0.833,"y":0.833},"o":{"x":0.167,"y":0.167},"t":145,"s":[649.103,744.9,0],"to":[0,0,0],"ti":[0,0,0]},{"i":{"x":0.833,"y":0.833},"o":{"x":0.167,"y":0.167},"t":151,"s":[663.528,744.9,0],"to":[0,0,0],"ti":[0,0,0]},{"i":{"x":0.833,"y":0.833},"o":{"x":0.167,"y":0.167},"t":165,"s":[749.565,744.9,0],"to":[0,0,0],"ti":[0,0,0]},{"i":{"x":0.833,"y":0.833},"o":{"x":0.167,"y":0.167},"t":171,"s":[763.689,744.9,0],"to":[0,0,0],"ti":[0,0,0]},{"i":{"x":0.833,"y":0.833},"o":{"x":0.167,"y":0.167},"t":185,"s":[850.213,744.9,0],"to":[0,0,0],"ti":[0,0,0]},{"i":{"x":0.833,"y":0.833},"o":{"x":0.167,"y":0.167},"t":191,"s":[863.49,744.9,0],"to":[0,0,0],"ti":[0,0,0]},{"i":{"x":0.833,"y":0.833},"o":{"x":0.167,"y":0.167},"t":204,"s":[952,744.9,0],"to":[0,0,0],"ti":[0,0,0]},{"i":{"x":0.833,"y":0.833},"o":{"x":0.167,"y":0.167},"t":208,"s":[952,744.9,0],"to":[0,0,0],"ti":[0,0,0]},{"i":{"x":0.833,"y":0.833},"o":{"x":0.167,"y":0.167},"t":224,"s":[952,744.9,0],"to":[0,0,0],"ti":[0,0,0]},{"t":245,"s":[151,744.9,0]}],"ix":2},"a":{"a":0,"k":[-404.6,182.4,0],"ix":1},"s":{"a":1,"k":[{"i":{"x":[0.41,0.41,0.41],"y":[1,1,1]},"o":{"x":[0.59,0.59,0.59],"y":[0,0,0]},"t":35,"s":[0,0,100]},{"i":{"x":[0.41,0.41,0.41],"y":[1,1,1]},"o":{"x":[0.59,0.59,0.59],"y":[0,0,0]},"t":42,"s":[125,125,100]},{"i":{"x":[0.833,0.833,0.833],"y":[1,1,1]},"o":{"x":[0.59,0.59,0.59],"y":[0,0,0]},"t":48,"s":[100,100,100]},{"i":{"x":[0.583,0.583,0.583],"y":[1,1,1]},"o":{"x":[0.167,0.167,0.167],"y":[0,0,0]},"t":65,"s":[100,100,100]},{"i":{"x":[0.833,0.833,0.833],"y":[1,1,1]},"o":{"x":[0.417,0.417,0.417],"y":[0,0,0]},"t":68,"s":[120,120,100]},{"i":{"x":[0.833,0.833,0.833],"y":[1,1,1]},"o":{"x":[0.167,0.167,0.167],"y":[0,0,0]},"t":71,"s":[100,100,100]},{"i":{"x":[0.583,0.583,0.583],"y":[1,1,1]},"o":{"x":[0.167,0.167,0.167],"y":[0,0,0]},"t":85,"s":[100,100,100]},{"i":{"x":[0.833,0.833,0.833],"y":[1,1,1]},"o":{"x":[0.417,0.417,0.417],"y":[0,0,0]},"t":88,"s":[120,120,100]},{"i":{"x":[0.833,0.833,0.833],"y":[1,1,1]},"o":{"x":[0.167,0.167,0.167],"y":[0,0,0]},"t":91,"s":[100,100,100]},{"i":{"x":[0.583,0.583,0.583],"y":[1,1,1]},"o":{"x":[0.167,0.167,0.167],"y":[0,0,0]},"t":105,"s":[100,100,100]},{"i":{"x":[0.833,0.833,0.833],"y":[1,1,1]},"o":{"x":[0.417,0.417,0.417],"y":[0,0,0]},"t":108,"s":[120,120,100]},{"i":{"x":[0.833,0.833,0.833],"y":[1,1,1]},"o":{"x":[0.167,0.167,0.167],"y":[0,0,0]},"t":111,"s":[100,100,100]},{"i":{"x":[0.583,0.583,0.583],"y":[1,1,1]},"o":{"x":[0.167,0.167,0.167],"y":[0,0,0]},"t":125,"s":[100,100,100]},{"i":{"x":[0.833,0.833,0.833],"y":[1,1,1]},"o":{"x":[0.417,0.417,0.417],"y":[0,0,0]},"t":128,"s":[120,120,100]},{"i":{"x":[0.833,0.833,0.833],"y":[1,1,1]},"o":{"x":[0.167,0.167,0.167],"y":[0,0,0]},"t":131,"s":[100,100,100]},{"i":{"x":[0.583,0.583,0.583],"y":[1,1,1]},"o":{"x":[0.167,0.167,0.167],"y":[0,0,0]},"t":145,"s":[100,100,100]},{"i":{"x":[0.833,0.833,0.833],"y":[1,1,1]},"o":{"x":[0.417,0.417,0.417],"y":[0,0,0]},"t":148,"s":[120,120,100]},{"i":{"x":[0.833,0.833,0.833],"y":[1,1,1]},"o":{"x":[0.167,0.167,0.167],"y":[0,0,0]},"t":151,"s":[100,100,100]},{"i":{"x":[0.583,0.583,0.583],"y":[1,1,1]},"o":{"x":[0.167,0.167,0.167],"y":[0,0,0]},"t":165,"s":[100,100,100]},{"i":{"x":[0.833,0.833,0.833],"y":[1,1,1]},"o":{"x":[0.417,0.417,0.417],"y":[0,0,0]},"t":168,"s":[120,120,100]},{"i":{"x":[0.833,0.833,0.833],"y":[1,1,1]},"o":{"x":[0.167,0.167,0.167],"y":[0,0,0]},"t":171,"s":[100,100,100]},{"i":{"x":[0.583,0.583,0.583],"y":[1,1,1]},"o":{"x":[0.167,0.167,0.167],"y":[0,0,0]},"t":185,"s":[100,100,100]},{"i":{"x":[0.833,0.833,0.833],"y":[1,1,1]},"o":{"x":[0.417,0.417,0.417],"y":[0,0,0]},"t":188,"s":[120,120,100]},{"i":{"x":[0.833,0.833,0.833],"y":[1,1,1]},"o":{"x":[0.167,0.167,0.167],"y":[0,0,0]},"t":191,"s":[100,100,100]},{"i":{"x":[0.583,0.583,0.583],"y":[1,1,1]},"o":{"x":[0.167,0.167,0.167],"y":[0,0,0]},"t":204,"s":[100,100,100]},{"i":{"x":[0.833,0.833,0.833],"y":[1,1,1]},"o":{"x":[0.417,0.417,0.417],"y":[0,0,0]},"t":207,"s":[120,120,100]},{"t":210,"s":[100,100,100]}],"ix":6}},"ao":0,"shapes":[{"ty":"gr","it":[{"ind":0,"ty":"sh","ix":1,"ks":{"a":0,"k":{"i":[[0,0]],"o":[[0,0]],"v":[[-629.6,301.5]],"c":false},"ix":2},"nm":"Trazado 1","mn":"ADBE Vector Shape - Group","hd":false},{"ty":"st","c":{"a":0,"k":[0.266666666667,0.517647058824,1,1],"ix":3},"o":{"a":0,"k":100,"ix":4},"w":{"a":0,"k":2,"ix":5},"lc":1,"lj":1,"ml":4,"bm":0,"nm":"Trazo 1","mn":"ADBE Vector Graphic - Stroke","hd":false},{"ty":"fl","c":{"a":0,"k":[0.266666666667,0.517647058824,1,1],"ix":4},"o":{"a":0,"k":100,"ix":5},"r":1,"bm":0,"nm":"Relleno 1","mn":"ADBE Vector Graphic - Fill","hd":false},{"ty":"tr","p":{"a":0,"k":[0,0],"ix":2},"a":{"a":0,"k":[0,0],"ix":1},"s":{"a":0,"k":[100,100],"ix":3},"r":{"a":0,"k":0,"ix":6},"o":{"a":0,"k":100,"ix":7},"sk":{"a":0,"k":0,"ix":4},"sa":{"a":0,"k":0,"ix":5},"nm":"Transformar"}],"nm":"Forma 2","np":3,"cix":2,"bm":0,"ix":1,"mn":"ADBE Vector Group","hd":false},{"ty":"gr","it":[{"ind":0,"ty":"sh","ix":1,"ks":{"a":0,"k":{"i":[[0.068,0],[0,-0.063],[-0.068,0],[0,0.063]],"o":[[-0.068,0],[0,0.063],[0.068,0],[0,-0.063]],"v":[[0,-0.114],[-0.123,0],[0,0.114],[0.123,0]],"c":true},"ix":2},"nm":"Trazado 1","mn":"ADBE Vector Shape - Group","hd":false},{"ty":"st","c":{"a":0,"k":[0.266666666667,0.517647058824,1,1],"ix":3},"o":{"a":0,"k":100,"ix":4},"w":{"a":0,"k":2,"ix":5},"lc":1,"lj":1,"ml":4,"bm":0,"nm":"Trazo 1","mn":"ADBE Vector Graphic - Stroke","hd":false},{"ty":"fl","c":{"a":0,"k":[0.266666666667,0.517647058824,1,1],"ix":4},"o":{"a":0,"k":100,"ix":5},"r":1,"bm":0,"nm":"Relleno 1","mn":"ADBE Vector Graphic - Fill","hd":false},{"ty":"tr","p":{"a":0,"k":[-424.691,177.864],"ix":2},"a":{"a":0,"k":[0,0],"ix":1},"s":{"a":0,"k":[100,100],"ix":3},"r":{"a":0,"k":0,"ix":6},"o":{"a":0,"k":100,"ix":7},"sk":{"a":0,"k":0,"ix":4},"sa":{"a":0,"k":0,"ix":5},"nm":"Transformar"}],"nm":"Elipse 2","np":3,"cix":2,"bm":0,"ix":2,"mn":"ADBE Vector Group","hd":false},{"ty":"gr","it":[{"ind":0,"ty":"sh","ix":1,"ks":{"a":0,"k":{"i":[[0,0]],"o":[[0,0]],"v":[[243.9,235]],"c":false},"ix":2},"nm":"Trazado 1","mn":"ADBE Vector Shape - Group","hd":false},{"ty":"st","c":{"a":0,"k":[0.266666666667,0.517647058824,1,1],"ix":3},"o":{"a":0,"k":100,"ix":4},"w":{"a":0,"k":2,"ix":5},"lc":1,"lj":1,"ml":4,"bm":0,"nm":"Trazo 1","mn":"ADBE Vector Graphic - Stroke","hd":false},{"ty":"fl","c":{"a":0,"k":[0.266666666667,0.517647058824,1,1],"ix":4},"o":{"a":0,"k":100,"ix":5},"r":1,"bm":0,"nm":"Relleno 1","mn":"ADBE Vector Graphic - Fill","hd":false},{"ty":"tr","p":{"a":0,"k":[0,0],"ix":2},"a":{"a":0,"k":[0,0],"ix":1},"s":{"a":0,"k":[100,100],"ix":3},"r":{"a":0,"k":0,"ix":6},"o":{"a":0,"k":100,"ix":7},"sk":{"a":0,"k":0,"ix":4},"sa":{"a":0,"k":0,"ix":5},"nm":"Transformar"}],"nm":"Forma 1","np":3,"cix":2,"bm":0,"ix":3,"mn":"ADBE Vector Group","hd":false},{"ty":"gr","it":[{"ind":0,"ty":"sh","ix":1,"ks":{"a":1,"k":[{"i":{"x":0.833,"y":0.833},"o":{"x":0.167,"y":0.167},"t":48,"s":[{"i":[[6.639,0],[3.707,-2.879],[0.78,-0.828],[0.818,-1.368],[0.519,-2.221],[0,-1.722],[-0.003,-0.151],[-0.055,-0.565],[-3.765,-3.532],[-5.794,0],[-2.615,9.168],[-0.132,1.296],[0,0.757],[1.861,3.22],[0.889,1.033]],"o":[[-5.057,0],[-0.9,0.699],[-1.087,1.154],[-1.138,1.904],[-0.376,1.607],[0,0.151],[0.012,0.577],[0.533,5.43],[3.917,3.674],[10.007,0],[0.348,-1.219],[0.075,-0.737],[0,-3.986],[-0.686,-1.188],[-4.016,-4.665]],"v":[[0,-21.9],[-13.42,-17.307],[-15.944,-15.014],[-18.811,-11.221],[-21.326,-5.004],[-21.9,0],[-21.895,0.453],[-21.794,2.166],[-14.98,15.976],[0,21.9],[21.062,6.02],[21.787,2.242],[21.9,0],[18.974,-10.943],[16.604,-14.281]],"c":true}]},{"i":{"x":0.833,"y":0.833},"o":{"x":0.167,"y":0.167},"t":58,"s":[{"i":[[6.639,0],[3.707,-2.879],[0.78,-0.828],[0.818,-1.368],[0.264,0.021],[0,-1.722],[-0.003,-0.151],[-0.055,-0.565],[-3.765,-3.532],[-5.794,0],[-2.615,9.168],[-0.132,1.296],[0,0.757],[1.861,3.22],[0.889,1.033]],"o":[[-5.057,0],[-0.9,0.699],[-1.087,1.154],[-1.138,1.904],[-0.264,-0.021],[0,0.151],[0.012,0.577],[0.533,5.43],[3.917,3.674],[10.007,0],[0.348,-1.219],[0.075,-0.737],[0,-3.986],[-0.686,-1.188],[-4.016,-4.665]],"v":[[0,-21.9],[-13.42,-17.307],[-15.944,-15.014],[-35.561,-9.596],[-21.326,-5.004],[-21.9,0],[-21.895,0.453],[-35.794,0.041],[-14.98,15.976],[0,21.9],[21.062,6.02],[21.787,2.242],[21.9,0],[18.974,-10.943],[16.604,-14.281]],"c":true}]},{"i":{"x":0.833,"y":0.833},"o":{"x":0.167,"y":0.167},"t":99,"s":[{"i":[[6.639,0],[3.707,-2.879],[0.78,-0.828],[0.818,-1.368],[0.288,-0.193],[0,-1.722],[-0.003,-0.151],[-0.055,-0.565],[-3.765,-3.532],[-5.794,0],[-2.615,9.168],[-0.132,1.296],[0,0.757],[1.861,3.22],[0.889,1.033]],"o":[[-5.057,0],[-0.9,0.699],[-1.087,1.154],[-1.138,1.904],[-0.275,0.134],[0,0.151],[0.012,0.577],[0.533,5.43],[3.917,3.674],[10.007,0],[0.348,-1.219],[0.075,-0.737],[0,-3.986],[-0.686,-1.188],[-4.016,-4.665]],"v":[[0,-21.9],[-13.42,-17.307],[-15.944,-15.014],[-33.966,-9.75],[-21.326,-5.004],[-21.9,0],[-21.895,0.453],[-34.461,0.243],[-14.98,15.976],[0,21.9],[21.062,6.02],[21.787,2.242],[21.9,0],[18.974,-10.943],[16.604,-14.281]],"c":true}]},{"i":{"x":0.833,"y":0.833},"o":{"x":0.167,"y":0.167},"t":229,"s":[{"i":[[6.639,0],[3.707,-2.879],[0.78,-0.828],[0.818,-1.368],[0.519,-2.221],[0,-1.722],[-0.003,-0.151],[-0.055,-0.565],[-3.765,-3.532],[-5.794,0],[-2.615,9.168],[-0.132,1.296],[0,0.757],[1.861,3.22],[0.889,1.033]],"o":[[-5.057,0],[-0.9,0.699],[-1.087,1.154],[-1.138,1.904],[-0.376,1.607],[0,0.151],[0.012,0.577],[0.533,5.43],[3.917,3.674],[10.007,0],[0.348,-1.219],[0.075,-0.737],[0,-3.986],[-0.686,-1.188],[-4.016,-4.665]],"v":[[0,-21.9],[-13.42,-17.307],[-15.944,-15.014],[-18.811,-11.221],[-21.326,-5.004],[-21.9,0],[-21.895,0.453],[-21.794,2.166],[-14.98,15.976],[0,21.9],[21.062,6.02],[21.787,2.242],[21.9,0],[18.974,-10.943],[16.604,-14.281]],"c":true}]},{"t":233,"s":[{"i":[[6.639,0],[3.707,-2.879],[0.78,-0.828],[0.818,-1.368],[0.519,-2.221],[0,-1.722],[-0.003,-0.151],[-0.055,-0.565],[-3.765,-3.532],[-5.794,0],[-5.809,7.559],[0,0],[-30.627,1.9],[-49.303,-2.793],[7.577,5.369]],"o":[[-5.057,0],[-0.9,0.699],[-1.087,1.154],[-1.138,1.904],[-0.376,1.607],[0,0.151],[0.012,0.577],[0.533,5.43],[3.917,3.674],[10.007,0],[2.34,-3.045],[0,0],[30.627,-1.9],[49.303,2.793],[-7.577,-5.369]],"v":[[0,-21.9],[-13.42,-17.307],[-15.944,-15.014],[-18.811,-11.221],[-21.326,-5.004],[-21.9,0],[-21.895,0.453],[-21.794,2.166],[-14.98,15.976],[0,21.9],[18.187,12.395],[57.037,2.617],[21.9,0],[39.724,-7.943],[14.854,-17.281]],"c":true}]}],"ix":2},"nm":"Trazado 1","mn":"ADBE Vector Shape - Group","hd":false},{"ty":"st","c":{"a":0,"k":[0.266666666667,0.517647058824,1,1],"ix":3},"o":{"a":0,"k":100,"ix":4},"w":{"a":0,"k":2,"ix":5},"lc":1,"lj":1,"ml":4,"bm":0,"nm":"Trazo 1","mn":"ADBE Vector Graphic - Stroke","hd":false},{"ty":"fl","c":{"a":0,"k":[0.266666666667,0.517647058824,1,1],"ix":4},"o":{"a":0,"k":100,"ix":5},"r":1,"bm":0,"nm":"Relleno 1","mn":"ADBE Vector Graphic - Fill","hd":false},{"ty":"tr","p":{"a":0,"k":[-404.6,182.4],"ix":2},"a":{"a":0,"k":[0,0],"ix":1},"s":{"a":0,"k":[100,100],"ix":3},"r":{"a":0,"k":0,"ix":6},"o":{"a":0,"k":100,"ix":7},"sk":{"a":0,"k":0,"ix":4},"sa":{"a":0,"k":0,"ix":5},"nm":"Transformar"}],"nm":"Elipse 1","np":3,"cix":2,"bm":0,"ix":4,"mn":"ADBE Vector Group","hd":false},{"ty":"gr","it":[{"ind":0,"ty":"sh","ix":1,"ks":{"a":0,"k":{"i":[[6.639,0],[3.707,-2.879],[0.78,-0.828],[0.818,-1.368],[0.519,-2.221],[0,-1.722],[-0.003,-0.151],[-0.055,-0.565],[-3.765,-3.532],[-5.794,0],[-2.615,9.168],[-0.132,1.296],[0,0.757],[1.861,3.22],[0.889,1.033]],"o":[[-5.057,0],[-0.9,0.699],[-1.087,1.154],[-1.138,1.904],[-0.376,1.607],[0,0.151],[0.012,0.577],[0.533,5.43],[3.917,3.674],[10.007,0],[0.348,-1.219],[0.075,-0.737],[0,-3.986],[-0.686,-1.188],[-4.016,-4.665]],"v":[[-404.6,160.5],[-418.02,165.092],[-420.544,167.386],[-423.411,171.179],[-425.926,177.396],[-426.5,182.4],[-426.495,182.853],[-426.394,184.565],[-419.58,198.376],[-404.6,204.3],[-383.538,188.42],[-382.813,184.642],[-382.7,182.4],[-385.626,171.457],[-387.996,168.119]],"c":true},"ix":2},"nm":"Trazado 1","mn":"ADBE Vector Shape - Group","hd":false},{"ty":"tr","p":{"a":0,"k":[0,0],"ix":2},"a":{"a":0,"k":[0,0],"ix":1},"s":{"a":0,"k":[100,100],"ix":3},"r":{"a":0,"k":0,"ix":6},"o":{"a":0,"k":100,"ix":7},"sk":{"a":0,"k":0,"ix":4},"sa":{"a":0,"k":0,"ix":5},"nm":"Transformar"}],"nm":"Grupo 1","np":1,"cix":2,"bm":0,"ix":5,"mn":"ADBE Vector Group","hd":false}],"ip":0,"op":250,"st":0,"bm":0},{"ddd":0,"ind":20,"ty":4,"nm":"Linea","sr":1,"ks":{"o":{"a":0,"k":100,"ix":11},"r":{"a":0,"k":0,"ix":10},"p":{"a":0,"k":[557,743,0],"ix":2},"a":{"a":0,"k":[-5.5,220.5,0],"ix":1},"s":{"a":0,"k":[100,100,100],"ix":6}},"ao":0,"shapes":[{"ty":"gr","it":[{"ind":0,"ty":"sh","ix":1,"ks":{"a":0,"k":{"i":[[0,0],[0,0]],"o":[[0,0],[0,0]],"v":[[-419.5,220.5],[408.5,220.5]],"c":false},"ix":2},"nm":"Trazado 1","mn":"ADBE Vector Shape - Group","hd":false},{"ty":"st","c":{"a":0,"k":[0.266666666667,0.517647058824,1,1],"ix":3},"o":{"a":0,"k":100,"ix":4},"w":{"a":0,"k":18,"ix":5},"lc":2,"lj":1,"ml":4,"bm":0,"nm":"Trazo 1","mn":"ADBE Vector Graphic - Stroke","hd":false},{"ty":"fl","c":{"a":0,"k":[0.266666666667,0.517647058824,1,1],"ix":4},"o":{"a":0,"k":100,"ix":5},"r":1,"bm":0,"nm":"Relleno 1","mn":"ADBE Vector Graphic - Fill","hd":false},{"ty":"tr","p":{"a":0,"k":[0,0],"ix":2},"a":{"a":0,"k":[0,0],"ix":1},"s":{"a":0,"k":[100,100],"ix":3},"r":{"a":0,"k":0,"ix":6},"o":{"a":0,"k":100,"ix":7},"sk":{"a":0,"k":0,"ix":4},"sa":{"a":0,"k":0,"ix":5},"nm":"Transformar"}],"nm":"Forma 1","np":3,"cix":2,"bm":0,"ix":1,"mn":"ADBE Vector Group","hd":false},{"ty":"tm","s":{"a":0,"k":0,"ix":1},"e":{"a":1,"k":[{"i":{"x":[0.19],"y":[1]},"o":{"x":[0.167],"y":[0.167]},"t":25,"s":[0]},{"t":42,"s":[100]}],"ix":2},"o":{"a":0,"k":0,"ix":3},"m":1,"ix":2,"nm":"Recortar trazados 1","mn":"ADBE Vector Filter - Trim","hd":false}],"ip":0,"op":250,"st":0,"bm":0},{"ddd":0,"ind":21,"ty":4,"nm":"cuadrado","sr":1,"ks":{"o":{"a":0,"k":100,"ix":11},"r":{"a":1,"k":[{"i":{"x":[0.19],"y":[1]},"o":{"x":[0.167],"y":[0.167]},"t":0,"s":[-446]},{"i":{"x":[0.833],"y":[0.833]},"o":{"x":[0.167],"y":[0.167]},"t":15,"s":[83]},{"t":25,"s":[0]}],"ix":10},"p":{"a":0,"k":[554.553,406.902,0],"ix":2},"a":{"a":0,"k":[-73.416,-133.014,0],"ix":1},"s":{"a":1,"k":[{"i":{"x":[0.19,0.19,0.19],"y":[1,1,1]},"o":{"x":[0.167,0.167,0.167],"y":[0.167,0.167,20]},"t":0,"s":[0,0,100]},{"i":{"x":[0.833,0.833,0.833],"y":[0.833,0.833,4.333]},"o":{"x":[0.167,0.167,0.167],"y":[0.167,0.167,-3.333]},"t":15,"s":[120,120,100]},{"t":25,"s":[100,100,100]}],"ix":6}},"ao":0,"shapes":[{"ty":"gr","it":[{"ind":0,"ty":"sh","ix":1,"ks":{"a":0,"k":{"i":[[11.046,0],[0,0],[0,-11.046],[0,0],[-11.046,0],[0,0],[0,11.046],[0,0]],"o":[[0,0],[-11.046,0],[0,0],[0,11.046],[0,0],[11.046,0],[0,0],[0,-11.046]],"v":[[148.412,-168.412],[-148.412,-168.412],[-168.412,-148.412],[-168.412,148.412],[-148.412,168.412],[148.412,168.412],[168.412,148.412],[168.412,-148.412]],"c":true},"ix":2},"nm":"Trazado 1","mn":"ADBE Vector Shape - Group","hd":false},{"ty":"st","c":{"a":0,"k":[0.266666666667,0.517647058824,1,1],"ix":3},"o":{"a":0,"k":100,"ix":4},"w":{"a":0,"k":2,"ix":5},"lc":1,"lj":1,"ml":4,"bm":0,"nm":"Trazo 1","mn":"ADBE Vector Graphic - Stroke","hd":false},{"ty":"fl","c":{"a":0,"k":[0.266666666667,0.517647058824,1,1],"ix":4},"o":{"a":0,"k":100,"ix":5},"r":1,"bm":0,"nm":"Relleno 1","mn":"ADBE Vector Graphic - Fill","hd":false},{"ty":"tr","p":{"a":0,"k":[-73.416,-133.014],"ix":2},"a":{"a":0,"k":[0,0],"ix":1},"s":{"a":0,"k":[100,100],"ix":3},"r":{"a":0,"k":0,"ix":6},"o":{"a":0,"k":100,"ix":7},"sk":{"a":0,"k":0,"ix":4},"sa":{"a":0,"k":0,"ix":5},"nm":"Transformar"}],"nm":"Rectángulo 1","np":3,"cix":2,"bm":0,"ix":1,"mn":"ADBE Vector Group","hd":false}],"ip":0,"op":250,"st":0,"bm":0},{"ddd":0,"ind":22,"ty":1,"nm":"Sólido Blanco 1","sr":1,"ks":{"o":{"a":0,"k":100,"ix":11},"r":{"a":0,"k":0,"ix":10},"p":{"a":0,"k":[562.5,562.5,0],"ix":2},"a":{"a":0,"k":[562.5,562.5,0],"ix":1},"s":{"a":0,"k":[100,100,100],"ix":6}},"ao":0,"sw":1125,"sh":1125,"sc":"#ffffff","ip":0,"op":250,"st":0,"bm":0}],"markers":[],"chars":[{"ch":"0","size":110,"style":"Bold","w":70.6,"data":{"shapes":[{"ty":"gr","it":[{"ind":0,"ty":"sh","ix":1,"ks":{"a":0,"k":{"i":[[-5.867,0],[-4.467,3.067],[-2.434,5.6],[0,7.334],[2.433,5.4],[4.466,3.034],[5.866,0],[4.466,-3],[2.466,-5.433],[0,-7],[-2.467,-5.6],[-4.434,-3.066]],"o":[[5.866,0],[4.466,-3.066],[2.433,-5.6],[0,-7],[-2.434,-5.4],[-4.467,-3.033],[-5.8,0],[-4.467,3],[-2.467,5.434],[0,7.334],[2.466,5.6],[4.433,3.067]],"v":[[35.3,1.4],[50.8,-3.2],[61.15,-16.2],[64.8,-35.6],[61.15,-54.2],[50.8,-66.85],[35.3,-71.4],[19.9,-66.9],[9.5,-54.25],[5.8,-35.6],[9.5,-16.2],[19.85,-3.2]],"c":true},"ix":2},"nm":"0","mn":"ADBE Vector Shape - Group","hd":false},{"ind":1,"ty":"sh","ix":2,"ks":{"a":0,"k":{"i":[[5.066,0],[3.033,4.234],[0,8.534],[-3.067,4.167],[-5,0],[-3.067,-4.166],[0,-8],[3.033,-4.2]],"o":[[-5.067,0],[-3.034,-4.233],[0,-8],[3.066,-4.166],[5,0],[3.066,4.167],[0,8.6],[-3.034,4.2]],"v":[[35.3,-10.1],[23.15,-16.45],[18.6,-35.6],[23.2,-53.85],[35.3,-60.1],[47.4,-53.85],[52,-35.6],[47.45,-16.4]],"c":true},"ix":2},"nm":"0","mn":"ADBE Vector Shape - Group","hd":false}],"nm":"0","np":5,"cix":2,"bm":0,"ix":1,"mn":"ADBE Vector Group","hd":false}]},"fFamily":"Cabin"},{"ch":"5","size":110,"style":"Bold","w":53.7,"data":{"shapes":[{"ty":"gr","it":[{"ind":0,"ty":"sh","ix":1,"ks":{"a":0,"k":{"i":[[6.8,0],[1.6,-0.2],[0,0],[0,0],[0,0],[0,0],[0,0],[-3.734,0],[-2.567,-2.066],[0,-3.666],[2.233,-2],[3.8,0],[2.533,0.9],[2.666,1.667],[0,0],[-7.334,0],[-3.7,1.866],[-2.1,3.467],[0,4.734],[4.166,3.967]],"o":[[-1.867,0],[0,0],[0,0],[0,0],[0,0],[0,0],[5,-0.933],[4.733,0],[2.566,2.067],[0,3.4],[-2.234,2],[-2.934,0],[-2.534,-0.9],[0,0],[5.466,3.734],[4.8,0],[3.7,-1.866],[2.1,-3.466],[0,-6.866],[-4.167,-3.966]],"v":[[26,-44],[20.8,-43.7],[22.5,-57.6],[45.1,-57.6],[45.9,-70],[12.9,-70],[8.4,-32.1],[21.5,-33.5],[32.45,-30.4],[36.3,-21.8],[32.95,-13.7],[23.9,-10.7],[15.7,-12.05],[7.9,-15.9],[4.9,-4.3],[24.1,1.3],[36.85,-1.5],[45.55,-9.5],[48.7,-21.8],[42.45,-38.05]],"c":true},"ix":2},"nm":"5","mn":"ADBE Vector Shape - Group","hd":false}],"nm":"5","np":3,"cix":2,"bm":0,"ix":1,"mn":"ADBE Vector Group","hd":false}]},"fFamily":"Cabin"},{"ch":"1","size":110,"style":"Bold","w":36.9,"data":{"shapes":[{"ty":"gr","it":[{"ind":0,"ty":"sh","ix":1,"ks":{"a":0,"k":{"i":[[0,0],[0,0],[0,0],[0,0],[2.733,-2.233],[2.2,-0.466],[0,0],[-2.8,1.867]],"o":[[0,0],[0,0],[0,0],[-0.934,2.334],[-2.734,2.234],[0,0],[3.066,-0.533],[0,0]],"v":[[14.4,0],[27.2,0],[27.2,-70],[17.4,-70],[11.9,-63.15],[4.5,-59.1],[5.6,-48.3],[14.4,-51.9]],"c":true},"ix":2},"nm":"1","mn":"ADBE Vector Shape - Group","hd":false}],"nm":"1","np":3,"cix":2,"bm":0,"ix":1,"mn":"ADBE Vector Group","hd":false}]},"fFamily":"Cabin"},{"ch":".","size":110,"style":"Bold","w":22.2,"data":{"shapes":[{"ty":"gr","it":[{"ind":0,"ty":"sh","ix":1,"ks":{"a":0,"k":{"i":[[0,0],[0,0],[0,0],[0,0]],"o":[[0,0],[0,0],[0,0],[0,0]],"v":[[4.6,0],[17.6,0],[17.6,-13.6],[4.6,-13.6]],"c":true},"ix":2},"nm":".","mn":"ADBE Vector Shape - Group","hd":false}],"nm":".","np":3,"cix":2,"bm":0,"ix":1,"mn":"ADBE Vector Group","hd":false}]},"fFamily":"Cabin"},{"ch":"2","size":110,"style":"Bold","w":52.9,"data":{"shapes":[{"ty":"gr","it":[{"ind":0,"ty":"sh","ix":1,"ks":{"a":0,"k":{"i":[[0,0],[0,0],[0,0],[0,0],[0,0],[-1.7,4.134],[0,3.934],[1.433,2.867],[2.866,1.7],[4.066,0],[3.4,-1.266],[3.133,-2.533],[0,0],[-2.734,1.534],[-3.2,0],[-1.634,-1.633],[0,-2.866],[1.433,-3],[3.866,-5.933]],"o":[[0,0],[0,0],[0,0],[0,0],[4.266,-6.466],[1.7,-4.133],[0,-3.466],[-1.434,-2.866],[-2.867,-1.7],[-4.134,0],[-3.4,1.267],[0,0],[2.6,-2.6],[2.733,-1.533],[2.866,0],[1.633,1.634],[0,2.667],[-1.434,3],[0,0]],"v":[[4.4,0],[47.8,0],[47.8,-12],[25.6,-12],[33.8,-24.5],[42.75,-40.4],[45.3,-52.5],[43.15,-62],[36.7,-68.85],[26.3,-71.4],[15,-69.5],[5.2,-63.8],[6.8,-50.9],[14.8,-57.1],[23.7,-59.4],[30.45,-56.95],[32.9,-50.2],[30.75,-41.7],[22.8,-28.3]],"c":true},"ix":2},"nm":"2","mn":"ADBE Vector Shape - Group","hd":false}],"nm":"2","np":3,"cix":2,"bm":0,"ix":1,"mn":"ADBE Vector Group","hd":false}]},"fFamily":"Cabin"},{"ch":"3","size":110,"style":"Bold","w":53.9,"data":{"shapes":[{"ty":"gr","it":[{"ind":0,"ty":"sh","ix":1,"ks":{"a":0,"k":{"i":[[3.866,1.267],[-1.734,2.834],[0,3.8],[3.7,3.3],[6.666,0],[5.6,-2.933],[0,0],[-2.5,0.8],[-2.667,0],[-1.767,-1.533],[0,-2.6],[1.9,-1.633],[3.6,0],[0,0],[0,0],[0,0],[0,-7.066],[2.166,-1.733],[3.733,0],[5.733,2.867],[0,0],[-3.434,-0.866],[-3.867,0],[-4.5,3.734],[0,6.734],[2.233,2.934]],"o":[[3.2,-1.533],[1.733,-2.833],[0,-5.333],[-3.7,-3.3],[-6.867,0],[0,0],[2.666,-1.533],[2.5,-0.8],[3.266,0],[1.766,1.534],[0,3],[-1.9,1.634],[0,0],[0,0],[0,0],[8.6,0],[0,3.4],[-2.167,1.734],[-5.334,0],[0,0],[2.4,1.267],[3.433,0.866],[7.6,0],[4.5,-3.733],[0,-4.266],[-2.234,-2.933]],"v":[[35.5,-37],[42.9,-43.55],[45.5,-53.5],[39.95,-66.45],[24.4,-71.4],[5.7,-67],[7.6,-55.7],[15.35,-59.2],[23.1,-60.4],[30.65,-58.1],[33.3,-51.9],[30.45,-44.95],[22.2,-42.5],[15.2,-42.5],[15.2,-30.5],[22.3,-30.5],[35.2,-19.9],[31.95,-12.2],[23.1,-9.6],[6.5,-13.9],[3.4,-3.1],[12.15,0.1],[23.1,1.4],[41.25,-4.2],[48,-19.9],[44.65,-30.7]],"c":true},"ix":2},"nm":"3","mn":"ADBE Vector Shape - Group","hd":false}],"nm":"3","np":3,"cix":2,"bm":0,"ix":1,"mn":"ADBE Vector Group","hd":false}]},"fFamily":"Cabin"},{"ch":"4","size":110,"style":"Bold","w":62.1,"data":{"shapes":[{"ty":"gr","it":[{"ind":0,"ty":"sh","ix":1,"ks":{"a":0,"k":{"i":[[0,0],[0,0],[0,0],[0,0],[0,0],[0,0],[0,0],[0,0],[0,0],[0,0]],"o":[[0,0],[0,0],[0,0],[0,0],[0,0],[0,0],[0,0],[0,0],[0,0],[0,0]],"v":[[47.9,-26.4],[47.9,-70],[39.2,-70],[0.7,-16],[35.6,-16],[35.6,0],[47.9,0],[47.9,-16],[56.9,-16],[56.9,-26.4]],"c":true},"ix":2},"nm":"4","mn":"ADBE Vector Shape - Group","hd":false},{"ind":1,"ty":"sh","ix":2,"ks":{"a":0,"k":{"i":[[0,0],[0,0],[0,0]],"o":[[0,0],[0,0],[0,0]],"v":[[20.5,-26.4],[35.6,-47.9],[35.6,-26.4]],"c":true},"ix":2},"nm":"4","mn":"ADBE Vector Shape - Group","hd":false}],"nm":"4","np":5,"cix":2,"bm":0,"ix":1,"mn":"ADBE Vector Group","hd":false}]},"fFamily":"Cabin"}]}