{"v":"5.9.6","fr":25,"ip":0,"op":125,"w":600,"h":600,"nm":"Slider","ddd":0,"assets":[],"layers":[{"ddd":0,"ind":1,"ty":4,"nm":"Ballon","sr":1,"ks":{"o":{"a":0,"k":100,"ix":11},"r":{"a":1,"k":[{"i":{"x":[0.833],"y":[0.833]},"o":{"x":[0.167],"y":[0.167]},"t":11,"s":[0]},{"i":{"x":[0.833],"y":[0.833]},"o":{"x":[0.167],"y":[0.167]},"t":20,"s":[720]},{"i":{"x":[0.833],"y":[0.833]},"o":{"x":[0.167],"y":[0.167]},"t":73,"s":[720]},{"t":82,"s":[0]}],"ix":10},"p":{"a":1,"k":[{"i":{"x":0.667,"y":1},"o":{"x":0.167,"y":0.167},"t":9,"s":[193.463,298.64,0],"to":[5.08,0,0],"ti":[-8.804,0,0]},{"i":{"x":0.667,"y":1},"o":{"x":0.333,"y":0},"t":11,"s":[186.599,298.64,0],"to":[53.003,0,0],"ti":[-0.333,0,0]},{"i":{"x":0.833,"y":0.833},"o":{"x":0.333,"y":0},"t":19,"s":[415.463,298.64,0],"to":[0.333,0,0],"ti":[0,0,0]},{"i":{"x":0.667,"y":1},"o":{"x":0.167,"y":0.166},"t":22,"s":[407.463,298.64,0],"to":[0,0,0],"ti":[-0.167,0,0]},{"i":{"x":0.667,"y":1},"o":{"x":0.333,"y":0},"t":72,"s":[407.463,298.64,0],"to":[0.167,0,0],"ti":[-0.333,0,0]},{"i":{"x":0.667,"y":1},"o":{"x":0.167,"y":0},"t":75,"s":[415.463,298.64,0],"to":[0.333,0,0],"ti":[-8.804,0,0]},{"i":{"x":0.667,"y":1},"o":{"x":0.333,"y":0},"t":82,"s":[186.599,298.64,0],"to":[53.003,0,0],"ti":[-35.667,0,0]},{"t":84,"s":[193.463,298.64,0]}],"ix":2,"l":2},"a":{"a":0,"k":[53.503,53.504,0],"ix":1,"l":2},"s":{"a":0,"k":[100,100,100],"ix":6,"l":2}},"ao":0,"shapes":[{"ty":"gr","it":[{"ind":0,"ty":"sh","ix":1,"ks":{"a":0,"k":{"i":[[0,0],[0,0],[0,0],[-5.921,9.434]],"o":[[0,0],[0,0],[10.554,-3.562],[0,0]],"v":[[37.113,23.333],[23.167,32.227],[15.481,45.623],[40.955,25.529]],"c":true},"ix":2},"nm":"Tracé 1","mn":"ADBE Vector Shape - Group","hd":false},{"ind":1,"ty":"sh","ix":2,"ks":{"a":0,"k":{"i":[[0,0],[0,0],[-10.57,-3.589],[0,0]],"o":[[0,0],[5.903,9.475],[0,0],[0,0]],"v":[[-37.113,23.333],[-40.956,25.529],[-15.482,45.732],[-23.169,32.227]],"c":true},"ix":2},"nm":"Tracé 2","mn":"ADBE Vector Shape - Group","hd":false},{"ind":2,"ty":"sh","ix":3,"ks":{"a":0,"k":{"i":[[0,0],[0,0],[0,0],[-3.661,-0.026],[-3.562,0.85],[0,0],[0,0]],"o":[[0,0],[0,0],[3.562,0.85],[3.662,-0.026],[0,0],[0,0],[0,0]],"v":[[-10.87,21.906],[-19.326,32.337],[-10.87,46.94],[-0.001,48.258],[10.87,46.94],[19.324,32.337],[10.87,21.906]],"c":true},"ix":2},"nm":"Tracé 3","mn":"ADBE Vector Shape - Group","hd":false},{"ind":3,"ty":"sh","ix":4,"ks":{"a":0,"k":{"i":[[0,0],[0,0],[0,0],[0,0],[-0.009,7.93],[0.639,3.108]],"o":[[0,0],[0,0],[0,0],[3.74,-6.993],[-0.019,-3.172],[0,0]],"v":[[47.324,-9.499],[39.309,4.337],[38.539,20.259],[42.602,22.674],[48.312,-0.056],[47.324,-9.499]],"c":true},"ix":2},"nm":"Tracé 4","mn":"ADBE Vector Shape - Group","hd":false},{"ind":4,"ty":"sh","ix":5,"ks":{"a":0,"k":{"i":[[0,0],[0.011,-3.209],[-3.739,-6.993],[0,0],[0,0]],"o":[[-0.646,3.143],[0.009,7.93],[0,0],[0,0],[0,0]],"v":[[-47.324,-9.607],[-48.312,-0.056],[-42.604,22.674],[-38.54,20.259],[-39.309,4.337]],"c":true},"ix":2},"nm":"Tracé 5","mn":"ADBE Vector Shape - Group","hd":false},{"ind":5,"ty":"sh","ix":6,"ks":{"a":0,"k":{"i":[[0,0],[0,0],[0,0],[0,0],[0,0],[0,0]],"o":[[0,0],[0,0],[0,0],[0,0],[0,0],[0,0]],"v":[[-9.553,-18.721],[-20.643,0.604],[-10.87,17.514],[10.87,17.514],[20.643,0.604],[9.552,-18.721]],"c":true},"ix":2},"nm":"Tracé 6","mn":"ADBE Vector Shape - Group","hd":false},{"ind":6,"ty":"sh","ix":7,"ks":{"a":0,"k":{"i":[[0,0],[0,0],[0,0],[0,0],[0,0],[5.015,5.385]],"o":[[0,0],[0,0],[0,0],[0,0],[-2.138,-7.041],[0,0]],"v":[[17.897,-32.995],[13.285,-20.918],[24.814,-1.043],[37.441,0.934],[46.117,-14.109],[35.245,-32.995]],"c":true},"ix":2},"nm":"Tracé 7","mn":"ADBE Vector Shape - Group","hd":false},{"ind":7,"ty":"sh","ix":8,"ks":{"a":0,"k":{"i":[[0,0],[2.185,-7.012],[0,0],[0,0],[0,0],[0,0]],"o":[[-5.039,5.343],[0,0],[0,0],[0,0],[0,0],[0,0]],"v":[[-35.247,-32.995],[-46.227,-14.219],[-37.443,0.934],[-24.816,-1.043],[-13.286,-20.918],[-17.898,-32.995]],"c":true},"ix":2},"nm":"Tracé 8","mn":"ADBE Vector Shape - Group","hd":false},{"ind":8,"ty":"sh","ix":9,"ks":{"a":0,"k":{"i":[[11.145,0.385],[0,0],[0,0],[0,0]],"o":[[0,0],[0,0],[0,0],[-8.383,-7.355]],"v":[[1.646,-48.258],[1.646,-44.195],[17.018,-36.289],[31.842,-36.289]],"c":true},"ix":2},"nm":"Tracé 9","mn":"ADBE Vector Shape - Group","hd":false},{"ind":9,"ty":"sh","ix":10,"ks":{"a":0,"k":{"i":[[0,0],[8.382,-7.355],[0,0],[0,0]],"o":[[-11.144,0.385],[0,0],[0,0],[0,0]],"v":[[-1.648,-48.258],[-31.842,-36.289],[-17.02,-36.289],[-1.648,-44.195]],"c":true},"ix":2},"nm":"Tracé 10","mn":"ADBE Vector Shape - Group","hd":false},{"ty":"mm","mm":1,"nm":"Fusionner les tracés 1","mn":"ADBE Vector Filter - Merge","hd":false},{"ty":"fl","c":{"a":1,"k":[{"i":{"x":[0.667],"y":[1]},"o":{"x":[0.333],"y":[0]},"t":11,"s":[0,0.301960784314,0.435294147566,1]},{"i":{"x":[0.667],"y":[1]},"o":{"x":[0.333],"y":[0]},"t":20,"s":[1,1,1,1]},{"i":{"x":[0.667],"y":[1]},"o":{"x":[0.333],"y":[0]},"t":76,"s":[1,1,1,1]},{"t":85,"s":[0,0.301960784314,0.435294147566,1]}],"ix":4},"o":{"a":0,"k":100,"ix":5},"r":1,"bm":0,"nm":"Fond 1","mn":"ADBE Vector Graphic - Fill","hd":false},{"ty":"tr","p":{"a":0,"k":[53.503,53.504],"ix":2},"a":{"a":0,"k":[0,0],"ix":1},"s":{"a":0,"k":[100,100],"ix":3},"r":{"a":0,"k":0,"ix":6},"o":{"a":0,"k":100,"ix":7},"sk":{"a":0,"k":0,"ix":4},"sa":{"a":0,"k":0,"ix":5},"nm":"Transformer "}],"nm":"Groupe 1","np":12,"cix":2,"bm":0,"ix":1,"mn":"ADBE Vector Group","hd":false},{"ty":"gr","it":[{"ind":0,"ty":"sh","ix":1,"ks":{"a":0,"k":{"i":[[-29.411,0],[0,-29.411],[29.411,0],[0,29.412]],"o":[[29.411,0],[0,29.412],[-29.411,0],[0,-29.411]],"v":[[0,-53.254],[53.253,0],[0,53.254],[-53.253,0]],"c":true},"ix":2},"nm":"Tracé 1","mn":"ADBE Vector Shape - Group","hd":false},{"ty":"fl","c":{"a":0,"k":[0,0.301960784314,0.435294147566,1],"ix":4},"o":{"a":0,"k":100,"ix":5},"r":1,"bm":0,"nm":"Fond 1","mn":"ADBE Vector Graphic - Fill","hd":false},{"ty":"tr","p":{"a":0,"k":[53.503,53.504],"ix":2},"a":{"a":0,"k":[0,0],"ix":1},"s":{"a":0,"k":[100,100],"ix":3},"r":{"a":0,"k":0,"ix":6},"o":{"a":0,"k":100,"ix":7},"sk":{"a":0,"k":0,"ix":4},"sa":{"a":0,"k":0,"ix":5},"nm":"Transformer "}],"nm":"Groupe 2","np":2,"cix":2,"bm":0,"ix":2,"mn":"ADBE Vector Group","hd":false}],"ip":0,"op":125,"st":0,"ct":1,"bm":0},{"ddd":0,"ind":2,"ty":4,"nm":"Contour","sr":1,"ks":{"o":{"a":0,"k":100,"ix":11},"r":{"a":0,"k":0,"ix":10},"p":{"a":0,"k":[300,298.641,0],"ix":2,"l":2},"a":{"a":0,"k":[187.25,73.225,0],"ix":1,"l":2},"s":{"a":0,"k":[100,100,100],"ix":6,"l":2}},"ao":0,"shapes":[{"ty":"gr","it":[{"ind":0,"ty":"sh","ix":1,"ks":{"a":0,"k":{"i":[[40.303,0],[0,0],[0,-40.303],[-40.303,0],[0,0],[0,40.303]],"o":[[0,0],[-40.303,0],[0,40.303],[0,0],[40.303,0],[0,-40.303]],"v":[[114.025,-72.975],[-114.025,-72.975],[-187,0],[-114.025,72.975],[114.025,72.975],[187,0]],"c":true},"ix":2},"nm":"Tracé 1","mn":"ADBE Vector Shape - Group","hd":false},{"ind":1,"ty":"sh","ix":2,"ks":{"a":0,"k":{"i":[[0,0],[0,-34.725],[34.724,0],[0,0],[0,34.724],[-34.725,0]],"o":[[34.724,0],[0,34.724],[0,0],[-34.725,0],[0,-34.725],[0,0]],"v":[[114.025,-62.975],[177,0],[114.025,62.975],[-114.025,62.975],[-177,0],[-114.025,-62.975]],"c":true},"ix":2},"nm":"Tracé 2","mn":"ADBE Vector Shape - Group","hd":false},{"ty":"mm","mm":1,"nm":"Fusionner les tracés 1","mn":"ADBE Vector Filter - Merge","hd":false},{"ty":"fl","c":{"a":0,"k":[0,0.301960784314,0.435294147566,1],"ix":4},"o":{"a":0,"k":100,"ix":5},"r":1,"bm":0,"nm":"Fond 1","mn":"ADBE Vector Graphic - Fill","hd":false},{"ty":"tr","p":{"a":0,"k":[187.25,73.225],"ix":2},"a":{"a":0,"k":[0,0],"ix":1},"s":{"a":0,"k":[100,100],"ix":3},"r":{"a":0,"k":0,"ix":6},"o":{"a":0,"k":100,"ix":7},"sk":{"a":0,"k":0,"ix":4},"sa":{"a":0,"k":0,"ix":5},"nm":"Transformer "}],"nm":"Groupe 1","np":4,"cix":2,"bm":0,"ix":1,"mn":"ADBE Vector Group","hd":false}],"ip":0,"op":125,"st":0,"ct":1,"bm":0},{"ddd":0,"ind":3,"ty":4,"nm":"Fond","sr":1,"ks":{"o":{"a":0,"k":100,"ix":11},"r":{"a":0,"k":0,"ix":10},"p":{"a":0,"k":[300,298.5,0],"ix":2,"l":2},"a":{"a":0,"k":[182.25,67.75,0],"ix":1,"l":2},"s":{"a":0,"k":[100,100,100],"ix":6,"l":2}},"ao":0,"hasMask":true,"masksProperties":[{"inv":false,"mode":"a","pt":{"a":1,"k":[{"i":{"x":0.667,"y":1},"o":{"x":0.333,"y":0},"t":12,"s":[{"i":[[0,0],[0,0],[0,0],[0,0],[45.869,-1.042],[86.269,2.819]],"o":[[0,0],[0,0],[0,0],[0,0],[-44,1],[-65.44,-2.138]],"v":[[-15.75,132.25],[10.25,311.25],[374.25,311.25],[374.25,176.25],[266.25,162.25],[61.981,142.431]],"c":true}]},{"i":{"x":0.667,"y":1},"o":{"x":0.333,"y":0},"t":15,"s":[{"i":[[0,0],[0,0],[0,0],[0,0],[74,-41],[86.269,2.819]],"o":[[0,0],[0,0],[0,0],[0,0],[-38.497,21.33],[-65.44,-2.138]],"v":[[-19.75,104.25],[6.25,283.25],[370.25,283.25],[382.25,100.25],[264.25,110.25],[63.981,102.431]],"c":true}]},{"i":{"x":0.667,"y":1},"o":{"x":0.333,"y":0},"t":18,"s":[{"i":[[0,0],[0,0],[0,0],[0,0],[81.263,-23.523],[86.053,-6.718]],"o":[[0,0],[0,0],[0,0],[0,0],[-38,11],[-61.731,4.819]],"v":[[-19.75,46.25],[6.25,283.25],[370.25,283.25],[382.25,100.25],[260.25,90.25],[65.981,86.431]],"c":true}]},{"i":{"x":0.667,"y":1},"o":{"x":0.333,"y":0},"t":21,"s":[{"i":[[0,0],[0,0],[0,0],[0,0],[81.263,-23.523],[85.167,14.03]],"o":[[0,0],[0,0],[0,0],[0,0],[-38,11],[-55.731,-9.181]],"v":[[-19.75,20.25],[6.25,283.25],[370.25,283.25],[390.25,34.25],[250.25,70.25],[71.981,64.431]],"c":true}]},{"i":{"x":0.667,"y":1},"o":{"x":0.333,"y":0},"t":24,"s":[{"i":[[0,0],[0,0],[0,0],[0,0],[84.512,3.841],[102.269,-13.181]],"o":[[0,0],[0,0],[0,0],[0,0],[-66,-3],[-56.019,7.22]],"v":[[-7.75,-5.75],[6.25,283.25],[370.25,283.25],[390.25,34.25],[250.25,56.25],[79.981,42.431]],"c":true}]},{"i":{"x":0.667,"y":1},"o":{"x":0.333,"y":0},"t":27,"s":[{"i":[[0,0],[0,0],[0,0],[0,0],[102,-23],[102.269,-13.181]],"o":[[0,0],[0,0],[0,0],[0,0],[-64.45,14.533],[-56.019,7.22]],"v":[[-7.75,-5.75],[6.25,283.25],[370.25,283.25],[390.25,34.25],[274.25,18.25],[89.981,18.431]],"c":true}]},{"i":{"x":0.667,"y":1},"o":{"x":0.167,"y":0},"t":30,"s":[{"i":[[0,0],[0,0],[0,0],[0,0],[102,-23],[102.269,-13.181]],"o":[[0,0],[0,0],[0,0],[0,0],[-64.45,14.533],[-56.019,7.22]],"v":[[-7.75,-5.75],[6.25,283.25],[370.25,283.25],[390.25,34.25],[274.25,-5.75],[95.981,-13.569]],"c":true}]},{"i":{"x":0.667,"y":1},"o":{"x":0.167,"y":0},"t":73,"s":[{"i":[[0,0],[0,0],[0,0],[0,0],[102,-23],[102.269,-13.181]],"o":[[0,0],[0,0],[0,0],[0,0],[-64.45,14.533],[-56.019,7.22]],"v":[[-7.75,-5.75],[6.25,283.25],[370.25,283.25],[390.25,34.25],[274.25,-5.75],[95.981,-13.569]],"c":true}]},{"i":{"x":0.667,"y":1},"o":{"x":0.167,"y":0},"t":77,"s":[{"i":[[0,0],[0,0],[0,0],[0,0],[102,-23],[102.269,-13.181]],"o":[[0,0],[0,0],[0,0],[0,0],[-64.45,14.533],[-56.019,7.22]],"v":[[-7.75,-5.75],[6.25,283.25],[370.25,283.25],[390.25,34.25],[274.25,-5.75],[95.981,-13.569]],"c":true}]},{"i":{"x":0.667,"y":1},"o":{"x":0.333,"y":0},"t":81,"s":[{"i":[[0,0],[0,0],[0,0],[0,0],[84.512,3.841],[102.269,-13.181]],"o":[[0,0],[0,0],[0,0],[0,0],[-66,-3],[-56.019,7.22]],"v":[[-7.75,-5.75],[6.25,283.25],[370.25,283.25],[390.25,34.25],[250.25,56.25],[79.981,42.431]],"c":true}]},{"i":{"x":0.667,"y":1},"o":{"x":0.333,"y":0},"t":85,"s":[{"i":[[0,0],[0,0],[0,0],[0,0],[81.263,-23.523],[85.167,14.03]],"o":[[0,0],[0,0],[0,0],[0,0],[-38,11],[-55.731,-9.181]],"v":[[-19.75,20.25],[6.25,283.25],[370.25,283.25],[390.25,34.25],[250.25,70.25],[71.981,64.431]],"c":true}]},{"i":{"x":0.667,"y":1},"o":{"x":0.333,"y":0},"t":89,"s":[{"i":[[0,0],[0,0],[0,0],[0,0],[81.263,-23.523],[86.053,-6.718]],"o":[[0,0],[0,0],[0,0],[0,0],[-38,11],[-61.731,4.819]],"v":[[-19.75,46.25],[6.25,283.25],[370.25,283.25],[382.25,100.25],[260.25,90.25],[65.981,86.431]],"c":true}]},{"i":{"x":0.667,"y":1},"o":{"x":0.333,"y":0},"t":93,"s":[{"i":[[0,0],[0,0],[0,0],[0,0],[74,-41],[86.269,2.819]],"o":[[0,0],[0,0],[0,0],[0,0],[-38.497,21.33],[-65.44,-2.138]],"v":[[-19.75,104.25],[6.25,283.25],[370.25,283.25],[382.25,100.25],[264.25,110.25],[63.981,102.431]],"c":true}]},{"t":97,"s":[{"i":[[0,0],[0,0],[0,0],[0,0],[45.869,-1.042],[86.269,2.819]],"o":[[0,0],[0,0],[0,0],[0,0],[-44,1],[-65.44,-2.138]],"v":[[-15.75,132.25],[10.25,311.25],[374.25,311.25],[374.25,176.25],[266.25,162.25],[61.981,142.431]],"c":true}]}],"ix":1},"o":{"a":0,"k":100,"ix":3},"x":{"a":0,"k":0,"ix":4},"nm":"Masque 1"}],"shapes":[{"ty":"gr","it":[{"ind":0,"ty":"sh","ix":1,"ks":{"a":0,"k":{"i":[[37.279,0],[0,0],[0,37.279],[-37.279,0],[0,0],[0,-37.279]],"o":[[0,0],[-37.279,0],[0,-37.279],[0,0],[37.279,0],[0,37.279]],"v":[[114.5,67.5],[-114.5,67.5],[-182,0],[-114.5,-67.5],[114.5,-67.5],[182,0]],"c":true},"ix":2},"nm":"Tracé 1","mn":"ADBE Vector Shape - Group","hd":false},{"ty":"fl","c":{"a":1,"k":[{"i":{"x":[0.667],"y":[1]},"o":{"x":[0.333],"y":[0]},"t":12,"s":[0.988235354424,0.800000071526,0.309803932905,1]},{"i":{"x":[0.667],"y":[1]},"o":{"x":[0.333],"y":[0]},"t":30,"s":[0.994771182537,0.871380329132,0.550049901009,1]},{"i":{"x":[0.667],"y":[1]},"o":{"x":[0.333],"y":[0]},"t":73,"s":[0.994771182537,0.871380329132,0.550049901009,1]},{"t":97,"s":[0.988235294819,0.800000011921,0.309803932905,1]}],"ix":4},"o":{"a":0,"k":100,"ix":5},"r":1,"bm":0,"nm":"Fond 1","mn":"ADBE Vector Graphic - Fill","hd":false},{"ty":"tr","p":{"a":0,"k":[182.25,67.75],"ix":2},"a":{"a":0,"k":[0,0],"ix":1},"s":{"a":0,"k":[100,100],"ix":3},"r":{"a":0,"k":0,"ix":6},"o":{"a":0,"k":100,"ix":7},"sk":{"a":0,"k":0,"ix":4},"sa":{"a":0,"k":0,"ix":5},"nm":"Transformer "}],"nm":"Groupe 1","np":2,"cix":2,"bm":0,"ix":1,"mn":"ADBE Vector Group","hd":false}],"ip":0,"op":125,"st":0,"ct":1,"bm":0}],"markers":[]}