{"v": "5.5.7", "meta": {"g": "LottieFiles AE 0.1.20", "a": "", "k": "", "d": "", "tc": "#FFFFFF"}, "fr": 30, "ip": 0, "op": 107, "w": 140, "h": 140, "nm": "Icon_WatchVideo4s", "ddd": 0, "assets": [], "layers": [{"ddd": 0, "ind": 1, "ty": 4, "nm": "Icon", "sr": 1, "ks": {"o": {"a": 0, "k": 100, "ix": 11}, "r": {"a": 0, "k": 0, "ix": 10}, "p": {"a": 0, "k": [92.659, 85.174, 0], "ix": 2}, "a": {"a": 0, "k": [0, 0, 0], "ix": 1}, "s": {"a": 0, "k": [100, 100, 100], "ix": 6}}, "ao": 0, "shapes": [{"ty": "gr", "it": [{"ty": "gr", "it": [{"ty": "gr", "it": [{"ty": "gr", "it": [{"ty": "gr", "it": [{"ty": "gr", "it": [{"ind": 0, "ty": "sh", "ix": 1, "ks": {"a": 0, "k": {"i": [[0.052, -0.026], [0, 0], [0, 0.743], [0, 0], [-0.665, -0.332], [0, 0], [-0.048, -0.036], [0.539, -0.39]], "o": [[0, 0], [-0.665, 0.332], [0, 0], [0, -0.744], [0, 0], [0.057, 0.028], [0.532, 0.397], [-0.045, 0.032]], "v": [[8.467, 1.089], [-8.297, 9.471], [-9.744, 8.577], [-9.744, -8.187], [-8.297, -9.082], [8.467, -0.7], [8.623, -0.604], [8.612, 1.001]], "c": true}, "ix": 2}, "nm": "Path", "mn": "ADBE Vector Shape - Group", "hd": false}, {"ty": "fl", "c": {"a": 0, "k": [0.090209960938, 0.184326171875, 0.588195800781, 1], "ix": 4}, "o": {"a": 0, "k": 100, "ix": 5}, "r": 1, "bm": 0, "nm": "Fill 1", "mn": "ADBE Vector Graphic - Fill", "hd": false}, {"ty": "tr", "p": {"a": 0, "k": [-0.363, 0.194], "ix": 2}, "a": {"a": 0, "k": [-0.363, 0.194], "ix": 1}, "s": {"a": 0, "k": [100, 100], "ix": 3}, "r": {"a": 0, "k": 0, "ix": 6}, "o": {"a": 0, "k": 100, "ix": 7}, "sk": {"a": 0, "k": 0, "ix": 4}, "sa": {"a": 0, "k": 0, "ix": 5}, "nm": "Transform"}], "nm": "Play", "np": 2, "cix": 2, "bm": 0, "ix": 1, "mn": "ADBE Vector Group", "hd": false}, {"ty": "tr", "p": {"a": 0, "k": [0, 0], "ix": 2}, "a": {"a": 0, "k": [0, 0], "ix": 1}, "s": {"a": 0, "k": [100, 100], "ix": 3}, "r": {"a": 0, "k": 0, "ix": 6}, "o": {"a": 0, "k": 100, "ix": 7}, "sk": {"a": 0, "k": 0, "ix": 4}, "sa": {"a": 0, "k": 0, "ix": 5}, "nm": "Transform"}], "nm": "PlayIcon 3", "np": 1, "cix": 2, "bm": 0, "ix": 1, "mn": "ADBE Vector Group", "hd": false}, {"ty": "tr", "p": {"a": 0, "k": [0, -2], "ix": 2}, "a": {"a": 0, "k": [0, 0], "ix": 1}, "s": {"a": 1, "k": [{"i": {"x": [0.779, 0.779], "y": [0.732, 0.732]}, "o": {"x": [0.613, 0.613], "y": [0, 0]}, "t": 2, "s": [100, 100]}, {"i": {"x": [0.418, 0.418], "y": [1, 1]}, "o": {"x": [0.189, 0.189], "y": [-1.143, -1.143]}, "t": 7.5, "s": [75, 75]}, {"i": {"x": [0.833, 0.833], "y": [0.833, 0.833]}, "o": {"x": [0.167, 0.167], "y": [0.167, 0.167]}, "t": 13, "s": [80, 80]}, {"i": {"x": [0.454, 0.454], "y": [1, 1]}, "o": {"x": [0.622, 0.622], "y": [0, 0]}, "t": 67, "s": [80, 80]}, {"t": 75, "s": [100, 100]}], "ix": 3}, "r": {"a": 0, "k": 0, "ix": 6}, "o": {"a": 1, "k": [{"i": {"x": [0.391], "y": [1]}, "o": {"x": [0.546], "y": [0]}, "t": 2, "s": [100]}, {"i": {"x": [0.833], "y": [0.833]}, "o": {"x": [0.167], "y": [0.167]}, "t": 13, "s": [75]}, {"i": {"x": [0.414], "y": [1]}, "o": {"x": [0.518], "y": [0]}, "t": 67, "s": [75]}, {"t": 75, "s": [100]}], "ix": 7}, "sk": {"a": 0, "k": 0, "ix": 4}, "sa": {"a": 0, "k": 0, "ix": 5}, "nm": "Transform"}], "nm": "StatusBar", "np": 1, "cix": 2, "bm": 0, "ix": 1, "mn": "ADBE Vector Group", "hd": false}, {"ty": "gr", "it": [{"ty": "gr", "it": [{"d": 1, "ty": "el", "s": {"a": 1, "k": [{"i": {"x": [0.088, 0.088], "y": [1, 1]}, "o": {"x": [0.384, 0.384], "y": [0, 0]}, "t": 4, "s": [2, 2]}, {"i": {"x": [0.833, 0.833], "y": [0.833, 0.833]}, "o": {"x": [0.167, 0.167], "y": [0.167, 0.167]}, "t": 13, "s": [6, 6]}, {"i": {"x": [0.521, 0.521], "y": [1, 1]}, "o": {"x": [0.7, 0.7], "y": [0, 0]}, "t": 67, "s": [6, 6]}, {"t": 76, "s": [2, 2]}], "ix": 2}, "p": {"a": 1, "k": [{"i": {"x": 0.258, "y": 1}, "o": {"x": 0.644, "y": 0}, "t": 4, "s": [-30, 0], "to": [10, 0], "ti": [-10, 0]}, {"t": 76, "s": [30, 0]}], "ix": 3}, "nm": "Ellipse Path 1", "mn": "ADBE Vector Shape - Ellipse", "hd": false}, {"ty": "fl", "c": {"a": 0, "k": [0.894104003906, 0.909790039063, 0.988220214844, 1], "ix": 4}, "o": {"a": 0, "k": 100, "ix": 5}, "r": 1, "bm": 0, "nm": "Fill 1", "mn": "ADBE Vector Graphic - Fill", "hd": false}, {"ty": "tr", "p": {"a": 0, "k": [0, 0], "ix": 2}, "a": {"a": 0, "k": [0, 0], "ix": 1}, "s": {"a": 0, "k": [100, 100], "ix": 3}, "r": {"a": 0, "k": 0, "ix": 6}, "o": {"a": 0, "k": 100, "ix": 7}, "sk": {"a": 0, "k": 0, "ix": 4}, "sa": {"a": 0, "k": 0, "ix": 5}, "nm": "Transform"}], "nm": "Knob", "np": 2, "cix": 2, "bm": 0, "ix": 1, "mn": "ADBE Vector Group", "hd": false}, {"ty": "gr", "it": [{"ty": "rc", "d": 1, "s": {"a": 1, "k": [{"i": {"x": [0.258, 0.667], "y": [1, 1]}, "o": {"x": [0.644, 0.333], "y": [0, 0]}, "t": 4, "s": [0, 2]}, {"t": 76, "s": [60, 2]}], "ix": 2}, "p": {"a": 1, "k": [{"i": {"x": 0.258, "y": 1}, "o": {"x": 0.644, "y": 0}, "t": 4, "s": [-30, 0], "to": [5, 0], "ti": [-5, 0]}, {"t": 76, "s": [0, 0]}], "ix": 3}, "r": {"a": 0, "k": 2, "ix": 4}, "nm": "Rectangle Path 1", "mn": "ADBE Vector Shape - Rect", "hd": false}, {"ty": "fl", "c": {"a": 0, "k": [0.894104003906, 0.909790039063, 0.988220214844, 1], "ix": 4}, "o": {"a": 0, "k": 100, "ix": 5}, "r": 1, "bm": 0, "nm": "Fill 1", "mn": "ADBE Vector Graphic - Fill", "hd": false}, {"ty": "tr", "p": {"a": 0, "k": [0, 0], "ix": 2}, "a": {"a": 0, "k": [0, 0], "ix": 1}, "s": {"a": 0, "k": [100, 100], "ix": 3}, "r": {"a": 0, "k": 0, "ix": 6}, "o": {"a": 0, "k": 100, "ix": 7}, "sk": {"a": 0, "k": 0, "ix": 4}, "sa": {"a": 0, "k": 0, "ix": 5}, "nm": "Transform"}], "nm": "ProgresssBarDone", "np": 2, "cix": 2, "bm": 0, "ix": 2, "mn": "ADBE Vector Group", "hd": false}, {"ty": "gr", "it": [{"ty": "rc", "d": 1, "s": {"a": 1, "k": [{"i": {"x": [0.258, 0.667], "y": [1, 1]}, "o": {"x": [0.644, 0.333], "y": [0, 0]}, "t": 4, "s": [60, 2]}, {"t": 76, "s": [0, 2]}], "ix": 2}, "p": {"a": 1, "k": [{"i": {"x": 0.258, "y": 1}, "o": {"x": 0.644, "y": 0}, "t": 4, "s": [0, 0], "to": [5, 0], "ti": [-5, 0]}, {"t": 76, "s": [30, 0]}], "ix": 3}, "r": {"a": 0, "k": 2, "ix": 4}, "nm": "Rectangle Path 1", "mn": "ADBE Vector Shape - Rect", "hd": false}, {"ty": "fl", "c": {"a": 0, "k": [0.607849121094, 0.670593261719, 0.952941894531, 1], "ix": 4}, "o": {"a": 0, "k": 100, "ix": 5}, "r": 1, "bm": 0, "nm": "Fill 1", "mn": "ADBE Vector Graphic - Fill", "hd": false}, {"ty": "tr", "p": {"a": 0, "k": [0, 0], "ix": 2}, "a": {"a": 0, "k": [0, 0], "ix": 1}, "s": {"a": 0, "k": [100, 100], "ix": 3}, "r": {"a": 0, "k": 0, "ix": 6}, "o": {"a": 0, "k": 100, "ix": 7}, "sk": {"a": 0, "k": 0, "ix": 4}, "sa": {"a": 0, "k": 0, "ix": 5}, "nm": "Transform"}], "nm": "ProgresssBar", "np": 2, "cix": 2, "bm": 0, "ix": 3, "mn": "ADBE Vector Group", "hd": false}, {"ty": "tr", "p": {"a": 0, "k": [0, 18], "ix": 2}, "a": {"a": 0, "k": [0, 0], "ix": 1}, "s": {"a": 0, "k": [100, 100], "ix": 3}, "r": {"a": 0, "k": 0, "ix": 6}, "o": {"a": 0, "k": 100, "ix": 7}, "sk": {"a": 0, "k": 0, "ix": 4}, "sa": {"a": 0, "k": 0, "ix": 5}, "nm": "Transform"}], "nm": "PlayBar", "np": 3, "cix": 2, "bm": 0, "ix": 2, "mn": "ADBE Vector Group", "hd": false}, {"ty": "tr", "p": {"a": 0, "k": [0, 0], "ix": 2}, "a": {"a": 0, "k": [0, 0], "ix": 1}, "s": {"a": 0, "k": [100, 100], "ix": 3}, "r": {"a": 0, "k": 0, "ix": 6}, "o": {"a": 0, "k": 100, "ix": 7}, "sk": {"a": 0, "k": 0, "ix": 4}, "sa": {"a": 0, "k": 0, "ix": 5}, "nm": "Transform"}], "nm": "ScreenContent", "np": 2, "cix": 2, "bm": 0, "ix": 1, "mn": "ADBE Vector Group", "hd": false}, {"ty": "gr", "it": [{"ty": "rc", "d": 1, "s": {"a": 1, "k": [{"i": {"x": [0.833, 0.833], "y": [1, 1]}, "o": {"x": [0.656, 0.656], "y": [0, 0]}, "t": 2, "s": [84, 54]}, {"i": {"x": [0.359, 0.359], "y": [1, 1]}, "o": {"x": [0.167, 0.167], "y": [0, 0]}, "t": 7.5, "s": [80, 51.429]}, {"t": 13, "s": [84, 54]}], "ix": 2}, "p": {"a": 0, "k": [0, 0], "ix": 3}, "r": {"a": 0, "k": 6, "ix": 4}, "nm": "Rectangle Path 1", "mn": "ADBE Vector Shape - Rect", "hd": false}, {"ty": "fl", "c": {"a": 0, "k": [0.286285400391, 0.399993896484, 0.913726806641, 1], "ix": 4}, "o": {"a": 0, "k": 100, "ix": 5}, "r": 1, "bm": 0, "nm": "Fill 1", "mn": "ADBE Vector Graphic - Fill", "hd": false}, {"ty": "tr", "p": {"a": 0, "k": [0, 0], "ix": 2}, "a": {"a": 0, "k": [0, 0], "ix": 1}, "s": {"a": 0, "k": [100, 100], "ix": 3, "x": "var $bm_rt;\nvar s;\ns = value[0];\n$bm_rt = [\n    s,\n    s\n];"}, "r": {"a": 0, "k": 0, "ix": 6}, "o": {"a": 0, "k": 100, "ix": 7}, "sk": {"a": 0, "k": 0, "ix": 4}, "sa": {"a": 0, "k": 0, "ix": 5}, "nm": "Transform"}], "nm": "ScreenBackground", "np": 2, "cix": 2, "bm": 0, "ix": 2, "mn": "ADBE Vector Group", "hd": false}, {"ty": "tr", "p": {"a": 1, "k": [{"i": {"x": 0.263, "y": 1}, "o": {"x": 0.828, "y": 0}, "t": 76, "s": [-25, -23], "to": [-3.571, 2.659], "ti": [3.571, -2.659]}, {"t": 97, "s": [-46.426, -7.049]}], "ix": 2}, "a": {"a": 0, "k": [0, 0], "ix": 1}, "s": {"a": 1, "k": [{"i": {"x": [0.263, 0.263], "y": [1, 1]}, "o": {"x": [0.828, 0.828], "y": [0, 0]}, "t": 76, "s": [100, 100]}, {"t": 97, "s": [100, 100]}], "ix": 3}, "r": {"a": 0, "k": 15, "ix": 6}, "o": {"a": 1, "k": [{"i": {"x": [0.39], "y": [1]}, "o": {"x": [0.622], "y": [0]}, "t": 79, "s": [100]}, {"t": 97, "s": [0]}], "ix": 7}, "sk": {"a": 0, "k": -15, "ix": 4}, "sa": {"a": 0, "k": 0, "ix": 5}, "nm": "Transform"}], "nm": "Screen_03", "np": 2, "cix": 2, "bm": 0, "ix": 1, "mn": "ADBE Vector Group", "hd": false}, {"ty": "gr", "it": [{"ty": "gr", "it": [{"ty": "gr", "it": [{"ty": "gr", "it": [{"ind": 0, "ty": "sh", "ix": 1, "ks": {"a": 0, "k": {"i": [[0.737, -0.368], [0, 0], [0, 0.743], [0, 0], [-0.665, -0.332], [0, 0]], "o": [[0, 0], [-0.665, 0.332], [0, 0], [0, -0.744], [0, 0], [0.737, 0.369]], "v": [[8.467, 1.089], [-8.297, 9.471], [-9.744, 8.577], [-9.744, -8.187], [-8.297, -9.082], [8.467, -0.7]], "c": true}, "ix": 2}, "nm": "Path 2", "mn": "ADBE Vector Shape - Group", "hd": false}, {"ty": "rd", "nm": "Round Corners 1", "r": {"a": 0, "k": 2, "ix": 1}, "ix": 2, "mn": "ADBE Vector Filter - RC", "hd": false}, {"ty": "fl", "c": {"a": 0, "k": [0.090209960938, 0.184326171875, 0.588195800781, 1], "ix": 4}, "o": {"a": 0, "k": 100, "ix": 5}, "r": 1, "bm": 0, "nm": "Fill 1", "mn": "ADBE Vector Graphic - Fill", "hd": false}, {"ty": "tr", "p": {"a": 0, "k": [0, 0], "ix": 2}, "a": {"a": 0, "k": [0, 0], "ix": 1}, "s": {"a": 1, "k": [{"i": {"x": [0.582, 0.582], "y": [1, 1]}, "o": {"x": [0.487, 0.487], "y": [0, 0]}, "t": 83, "s": [55, 55]}, {"t": 97, "s": [100, 100]}], "ix": 3}, "r": {"a": 0, "k": 0, "ix": 6}, "o": {"a": 0, "k": 100, "ix": 7}, "sk": {"a": 0, "k": 0, "ix": 4}, "sa": {"a": 0, "k": 0, "ix": 5}, "nm": "Transform"}], "nm": "PlayIcon", "np": 3, "cix": 2, "bm": 0, "ix": 1, "mn": "ADBE Vector Group", "hd": false}, {"ty": "tr", "p": {"a": 0, "k": [0, -2], "ix": 2}, "a": {"a": 0, "k": [0, 0], "ix": 1}, "s": {"a": 0, "k": [100, 100], "ix": 3}, "r": {"a": 0, "k": 0, "ix": 6}, "o": {"a": 0, "k": 100, "ix": 7}, "sk": {"a": 0, "k": 0, "ix": 4}, "sa": {"a": 0, "k": 0, "ix": 5}, "nm": "Transform"}], "nm": "StatusBar", "np": 1, "cix": 2, "bm": 0, "ix": 1, "mn": "ADBE Vector Group", "hd": false}, {"ty": "gr", "it": [{"ty": "gr", "it": [{"d": 1, "ty": "el", "s": {"a": 1, "k": [{"i": {"x": [0.582, 0.582], "y": [1, 1]}, "o": {"x": [0.487, 0.487], "y": [0, 0]}, "t": 88, "s": [0, 0]}, {"t": 97, "s": [2, 2]}], "ix": 2}, "p": {"a": 0, "k": [-30, 0], "ix": 3}, "nm": "Ellipse Path 1", "mn": "ADBE Vector Shape - Ellipse", "hd": false}, {"ty": "fl", "c": {"a": 0, "k": [0.607849121094, 0.670593261719, 0.952941894531, 1], "ix": 4}, "o": {"a": 0, "k": 100, "ix": 5}, "r": 1, "bm": 0, "nm": "Fill 1", "mn": "ADBE Vector Graphic - Fill", "hd": false}, {"ty": "tr", "p": {"a": 0, "k": [0, 0], "ix": 2}, "a": {"a": 0, "k": [0, 0], "ix": 1}, "s": {"a": 0, "k": [100, 100], "ix": 3}, "r": {"a": 0, "k": 0, "ix": 6}, "o": {"a": 0, "k": 100, "ix": 7}, "sk": {"a": 0, "k": 0, "ix": 4}, "sa": {"a": 0, "k": 0, "ix": 5}, "nm": "Transform"}], "nm": "Knob", "np": 2, "cix": 2, "bm": 0, "ix": 1, "mn": "ADBE Vector Group", "hd": false}, {"ty": "gr", "it": [{"ty": "rc", "d": 1, "s": {"a": 0, "k": [0, 2], "ix": 2}, "p": {"a": 0, "k": [-30, 0], "ix": 3}, "r": {"a": 0, "k": 2, "ix": 4}, "nm": "Rectangle Path 1", "mn": "ADBE Vector Shape - Rect", "hd": false}, {"ty": "fl", "c": {"a": 0, "k": [0.894104003906, 0.909790039063, 0.988220214844, 1], "ix": 4}, "o": {"a": 0, "k": 100, "ix": 5}, "r": 1, "bm": 0, "nm": "Fill 1", "mn": "ADBE Vector Graphic - Fill", "hd": false}, {"ty": "tr", "p": {"a": 0, "k": [0, 0], "ix": 2}, "a": {"a": 0, "k": [0, 0], "ix": 1}, "s": {"a": 0, "k": [100, 100], "ix": 3}, "r": {"a": 0, "k": 0, "ix": 6}, "o": {"a": 0, "k": 100, "ix": 7}, "sk": {"a": 0, "k": 0, "ix": 4}, "sa": {"a": 0, "k": 0, "ix": 5}, "nm": "Transform"}], "nm": "ProgresssBarDone", "np": 2, "cix": 2, "bm": 0, "ix": 2, "mn": "ADBE Vector Group", "hd": false}, {"ty": "gr", "it": [{"ty": "rc", "d": 1, "s": {"a": 0, "k": [60, 2], "ix": 2}, "p": {"a": 0, "k": [0, 0], "ix": 3}, "r": {"a": 0, "k": 2, "ix": 4}, "nm": "Rectangle Path 1", "mn": "ADBE Vector Shape - Rect", "hd": false}, {"ty": "fl", "c": {"a": 0, "k": [0.607849121094, 0.670593261719, 0.952941894531, 1], "ix": 4}, "o": {"a": 0, "k": 100, "ix": 5}, "r": 1, "bm": 0, "nm": "Fill 1", "mn": "ADBE Vector Graphic - Fill", "hd": false}, {"ty": "tr", "p": {"a": 0, "k": [0, 0], "ix": 2}, "a": {"a": 0, "k": [0, 0], "ix": 1}, "s": {"a": 0, "k": [100, 100], "ix": 3}, "r": {"a": 0, "k": 0, "ix": 6}, "o": {"a": 0, "k": 100, "ix": 7}, "sk": {"a": 0, "k": 0, "ix": 4}, "sa": {"a": 0, "k": 0, "ix": 5}, "nm": "Transform"}], "nm": "ProgresssBar", "np": 2, "cix": 2, "bm": 0, "ix": 3, "mn": "ADBE Vector Group", "hd": false}, {"ty": "tr", "p": {"a": 0, "k": [0, 18], "ix": 2}, "a": {"a": 0, "k": [0, 0], "ix": 1}, "s": {"a": 0, "k": [100, 100], "ix": 3}, "r": {"a": 0, "k": 0, "ix": 6}, "o": {"a": 0, "k": 100, "ix": 7}, "sk": {"a": 0, "k": 0, "ix": 4}, "sa": {"a": 0, "k": 0, "ix": 5}, "nm": "Transform"}], "nm": "PlayBar", "np": 3, "cix": 2, "bm": 0, "ix": 2, "mn": "ADBE Vector Group", "hd": false}, {"ty": "tr", "p": {"a": 0, "k": [0, 0], "ix": 2}, "a": {"a": 0, "k": [0, 0], "ix": 1}, "s": {"a": 0, "k": [100, 100], "ix": 3}, "r": {"a": 0, "k": 0, "ix": 6}, "o": {"a": 0, "k": 100, "ix": 7}, "sk": {"a": 0, "k": 0, "ix": 4}, "sa": {"a": 0, "k": 0, "ix": 5}, "nm": "Transform"}], "nm": "ScreenContent", "np": 2, "cix": 2, "bm": 0, "ix": 1, "mn": "ADBE Vector Group", "hd": false}, {"ty": "gr", "it": [{"ty": "rc", "d": 1, "s": {"a": 0, "k": [84, 54], "ix": 2}, "p": {"a": 0, "k": [0, 0], "ix": 3}, "r": {"a": 0, "k": 6, "ix": 4}, "nm": "Rectangle Path 1", "mn": "ADBE Vector Shape - Rect", "hd": false}, {"ty": "fl", "c": {"a": 1, "k": [{"i": {"x": [0.667], "y": [1]}, "o": {"x": [0.333], "y": [0]}, "t": 78, "s": [0.607849121094, 0.670593261719, 0.952941894531, 1]}, {"t": 99, "s": [0.286285400391, 0.399993896484, 0.913726806641, 1]}], "ix": 4}, "o": {"a": 0, "k": 100, "ix": 5}, "r": 2, "bm": 0, "nm": "Fill 1", "mn": "ADBE Vector Graphic - Fill", "hd": false}, {"ty": "tr", "p": {"a": 0, "k": [0, 0], "ix": 2}, "a": {"a": 0, "k": [0, 0], "ix": 1}, "s": {"a": 0, "k": [100, 100], "ix": 3}, "r": {"a": 0, "k": 0, "ix": 6}, "o": {"a": 0, "k": 100, "ix": 7}, "sk": {"a": 0, "k": 0, "ix": 4}, "sa": {"a": 0, "k": 0, "ix": 5}, "nm": "Transform"}], "nm": "ScreenBackground", "np": 2, "cix": 2, "bm": 0, "ix": 2, "mn": "ADBE Vector Group", "hd": false}, {"ty": "tr", "p": {"a": 1, "k": [{"i": {"x": 0.263, "y": 1}, "o": {"x": 0.828, "y": 0}, "t": 78, "s": [-2, 3], "to": [-3.833, -4.333], "ti": [3.833, 4.333]}, {"t": 99, "s": [-25, -23]}], "ix": 2}, "a": {"a": 0, "k": [0, 0], "ix": 1}, "s": {"a": 1, "k": [{"i": {"x": [0.263, 0.263], "y": [1, 1]}, "o": {"x": [0.828, 0.828], "y": [0, 0]}, "t": 78, "s": [74, 74]}, {"t": 99, "s": [100, 100]}], "ix": 3}, "r": {"a": 0, "k": 15, "ix": 6}, "o": {"a": 0, "k": 100, "ix": 7}, "sk": {"a": 0, "k": -15, "ix": 4}, "sa": {"a": 0, "k": 0, "ix": 5}, "nm": "Transform"}], "nm": "Screen_02", "np": 2, "cix": 2, "bm": 0, "ix": 2, "mn": "ADBE Vector Group", "hd": false}, {"ty": "gr", "it": [{"ty": "gr", "it": [{"ty": "rc", "d": 1, "s": {"a": 0, "k": [84, 54], "ix": 2}, "p": {"a": 0, "k": [0, 0], "ix": 3}, "r": {"a": 0, "k": 6, "ix": 4}, "nm": "Rectangle Path 1", "mn": "ADBE Vector Shape - Rect", "hd": false}, {"ty": "fl", "c": {"a": 1, "k": [{"i": {"x": [0.667], "y": [1]}, "o": {"x": [0.333], "y": [0]}, "t": 80, "s": [0.894104003906, 0.909790039063, 0.988220214844, 1]}, {"t": 101, "s": [0.607849121094, 0.670593261719, 0.952941894531, 1]}], "ix": 4}, "o": {"a": 0, "k": 100, "ix": 5}, "r": 1, "bm": 0, "nm": "Fill 1", "mn": "ADBE Vector Graphic - Fill", "hd": false}, {"ty": "tr", "p": {"a": 0, "k": [0, 0], "ix": 2}, "a": {"a": 0, "k": [0, 0], "ix": 1}, "s": {"a": 0, "k": [100, 100], "ix": 3}, "r": {"a": 0, "k": 0, "ix": 6}, "o": {"a": 0, "k": 100, "ix": 7}, "sk": {"a": 0, "k": 0, "ix": 4}, "sa": {"a": 0, "k": 0, "ix": 5}, "nm": "Transform"}], "nm": "ScreenBackground", "np": 2, "cix": 2, "bm": 0, "ix": 1, "mn": "ADBE Vector Group", "hd": false}, {"ty": "tr", "p": {"a": 1, "k": [{"i": {"x": 0.263, "y": 1}, "o": {"x": 0.828, "y": 0}, "t": 80, "s": [16.031, 23], "to": [-3.005, -3.333], "ti": [3.005, 3.333]}, {"t": 101, "s": [-2, 3]}], "ix": 2}, "a": {"a": 0, "k": [0, 0], "ix": 1}, "s": {"a": 1, "k": [{"i": {"x": [0.263, 0.263], "y": [1, 1]}, "o": {"x": [0.828, 0.828], "y": [0, 0]}, "t": 80, "s": [56, 56]}, {"t": 101, "s": [74, 74]}], "ix": 3}, "r": {"a": 0, "k": 15, "ix": 6}, "o": {"a": 0, "k": 100, "ix": 7}, "sk": {"a": 0, "k": -15, "ix": 4}, "sa": {"a": 0, "k": 0, "ix": 5}, "nm": "Transform"}], "nm": "Screen_01", "np": 1, "cix": 2, "bm": 0, "ix": 3, "mn": "ADBE Vector Group", "hd": false}, {"ty": "gr", "it": [{"ty": "gr", "it": [{"ty": "rc", "d": 1, "s": {"a": 0, "k": [84, 54], "ix": 2}, "p": {"a": 0, "k": [0, 0], "ix": 3}, "r": {"a": 0, "k": 6, "ix": 4}, "nm": "Rectangle Path 1", "mn": "ADBE Vector Shape - Rect", "hd": false}, {"ty": "fl", "c": {"a": 0, "k": [0.894104003906, 0.909790039063, 0.988220214844, 1], "ix": 4}, "o": {"a": 0, "k": 100, "ix": 5}, "r": 1, "bm": 0, "nm": "Fill 1", "mn": "ADBE Vector Graphic - Fill", "hd": false}, {"ty": "tr", "p": {"a": 0, "k": [0, 0], "ix": 2}, "a": {"a": 0, "k": [0, 0], "ix": 1}, "s": {"a": 0, "k": [100, 100], "ix": 3}, "r": {"a": 0, "k": 0, "ix": 6}, "o": {"a": 0, "k": 100, "ix": 7}, "sk": {"a": 0, "k": 0, "ix": 4}, "sa": {"a": 0, "k": 0, "ix": 5}, "nm": "Transform"}], "nm": "ScreenBackground", "np": 2, "cix": 2, "bm": 0, "ix": 1, "mn": "ADBE Vector Group", "hd": false}, {"ty": "tr", "p": {"a": 1, "k": [{"i": {"x": 0.263, "y": 1}, "o": {"x": 0.828, "y": 0}, "t": 82, "s": [34.359, 42.402], "to": [-3.06, -3.234], "ti": [3.06, 3.234]}, {"t": 103, "s": [16, 23]}], "ix": 2}, "a": {"a": 0, "k": [0, 0], "ix": 1}, "s": {"a": 1, "k": [{"i": {"x": [0.263, 0.263], "y": [1, 1]}, "o": {"x": [0.828, 0.828], "y": [0, 0]}, "t": 82, "s": [32, 32]}, {"t": 103, "s": [56, 56]}], "ix": 3}, "r": {"a": 0, "k": 15, "ix": 6}, "o": {"a": 1, "k": [{"i": {"x": [0.833], "y": [0.833]}, "o": {"x": [0.167], "y": [0.167]}, "t": 82, "s": [0]}, {"t": 91, "s": [100]}], "ix": 7}, "sk": {"a": 0, "k": -15, "ix": 4}, "sa": {"a": 0, "k": 0, "ix": 5}, "nm": "Transform"}], "nm": "Screen_00", "np": 1, "cix": 2, "bm": 0, "ix": 4, "mn": "ADBE Vector Group", "hd": false}, {"ty": "tr", "p": {"a": 0, "k": [0, 0], "ix": 2}, "a": {"a": 0, "k": [0, 0], "ix": 1}, "s": {"a": 0, "k": [100, 100], "ix": 3}, "r": {"a": 0, "k": 0, "ix": 6}, "o": {"a": 0, "k": 100, "ix": 7}, "sk": {"a": 0, "k": 0, "ix": 4}, "sa": {"a": 0, "k": 0, "ix": 5}, "nm": "Transform"}], "nm": "Icon", "np": 4, "cix": 2, "bm": 0, "ix": 1, "mn": "ADBE Vector Group", "hd": false}], "ip": 0, "op": 181, "st": 0, "bm": 0}], "markers": [{"tm": 67, "cm": "1", "dr": 0}, {"tm": 75, "cm": "2", "dr": 0}, {"tm": 106, "cm": "3", "dr": 0}]}